,Index,Name,Link
1,20,"Page f. 014v - 015 du volume Belgique, Tournai, Bibliothèque du Séminaire, 016",https://iiif.irht.cnrs.fr/iiif/Tournai/TOURNAI_Grand_Seminaire_MS016/jp2/TOURNAI_Grand_Seminaire_MS016_0021/full/full/0/default.jpg
2,23,"Page f. 074v - 075 du volume Belgique, Tournai, Bibliothèque du Séminaire, 016",https://iiif.irht.cnrs.fr/iiif/Tournai/TOURNAI_Grand_Seminaire_MS016/jp2/TOURNAI_Grand_Seminaire_MS016_0081/full/full/0/default.jpg
3,24,"Page f. 015v - 016 du volume Belgique, Tournai, Bibliothèque du Séminaire, 016",https://iiif.irht.cnrs.fr/iiif/Tournai/TOURNAI_Grand_Seminaire_MS016/jp2/TOURNAI_Grand_Seminaire_MS016_0022/full/full/0/default.jpg
4,26,"Page BX2080 A2 1430_Page_0211_L du volume Canada, Vancouver, University of British Columbia Library, BX2080 A2 1430",https://iiif.library.ubc.ca/image/cdm.manuscripts.1-0224790.0209/full/full/0/default.jpg
5,34,"Page fol. 278r du volume États-Unis, Baltimore, The Walters Art Museum, W.0041",https://stacks.stanford.edu/image/iiif/cq459jb8197%2FW41_000561_300/full/full/0/default.jpg
6,46,"Page Page 404 du volume États-Unis, Baltimore, The Walters Art Museum, W.0088","https://content.wdl.org/iiif/19234,1,404/full/full/0/default.jpg"
7,49,"Page fol. 84r du volume États-Unis, Baltimore, The Walters Art Museum, W.0102",https://stacks.stanford.edu/image/iiif/xq443wf4818%2FW102_000171_300/full/full/0/default.jpg
8,63,"Page 134v du volume France, Paris, Bibliothèque nationale de France, nouv. acq. lat. 3214",https://gallica.bnf.fr/iiif/ark:/12148/btv1b8452837v/f272/full/full/0/default.jpg
9,71,"Page fol. 102v du volume États-Unis, Baltimore, The Walters Art Museum, W.0168",https://stacks.stanford.edu/image/iiif/qm670kv1873%2FW168_000206_300/full/full/0/default.jpg
10,72,"Page fol. 108v du volume États-Unis, Baltimore, The Walters Art Museum, W.0168",https://stacks.stanford.edu/image/iiif/qm670kv1873%2FW168_000218_300/full/full/0/default.jpg
11,74,"Page fol. 16r du volume États-Unis, Baltimore, The Walters Art Museum, W.0168",https://stacks.stanford.edu/image/iiif/qm670kv1873%2FW168_000033_300/full/full/0/default.jpg
12,84,"Page fol. 72v du volume États-Unis, Baltimore, The Walters Art Museum, W.0185",https://stacks.stanford.edu/image/iiif/by397hw6027%2FW185_000148_300/full/full/0/default.jpg
13,97,"Page fol. 61r du volume États-Unis, Baltimore, The Walters Art Museum, W.0437",https://stacks.stanford.edu/image/iiif/vn362wg6218%2FW437_000123_300/full/full/0/default.jpg
14,98,"Page fol. 20r du volume États-Unis, Baltimore, The Walters Art Museum, W.0437",https://stacks.stanford.edu/image/iiif/vn362wg6218%2FW437_000041_300/full/full/0/default.jpg
15,112,"Page (seq. 191) du volume États-Unis, Cambridge, Houghton Library, Lat 017",https://ids.lib.harvard.edu/ids/iiif/10840861/full/full/0/default.jpg
16,113,"Page (seq. 96) du volume États-Unis, Cambridge, Houghton Library, Lat 017",https://ids.lib.harvard.edu/ids/iiif/10840766/full/full/0/default.jpg
17,126,"Page (seq. 214) du volume États-Unis, Cambridge, Houghton Library, Lat 159",https://ids.lib.harvard.edu/ids/iiif/4771506/full/full/0/default.jpg
18,132,"Page f. 164v.: Roch, (seq. 334) du volume États-Unis, Cambridge, Houghton Library, Lat 160",https://ids.lib.harvard.edu/ids/iiif/15963923/full/full/0/default.jpg
19,133,"Page f. 142v., (seq. 290) du volume États-Unis, Cambridge, Houghton Library, Lat 160",https://ids.lib.harvard.edu/ids/iiif/15963879/full/full/0/default.jpg
20,134,"Page f. 103., (seq. 211) du volume États-Unis, Cambridge, Houghton Library, Lat 160",https://ids.lib.harvard.edu/ids/iiif/15963800/full/full/0/default.jpg
21,135,"Page f. 85., (seq. 175) du volume États-Unis, Cambridge, Houghton Library, Lat 160",https://ids.lib.harvard.edu/ids/iiif/15963764/full/full/0/default.jpg
22,139,"Page f. 5v., (seq. 16) du volume États-Unis, Cambridge, Houghton Library, Lat 160",https://ids.lib.harvard.edu/ids/iiif/15963605/full/full/0/default.jpg
23,151,"Page f. 103v., (seq. 220) du volume États-Unis, Cambridge, Houghton Library, Lat 249",https://ids.lib.harvard.edu/ids/iiif/26121387/full/full/0/default.jpg
24,156,"Page f. 20v.: Mark, (seq. 54) du volume États-Unis, Cambridge, Houghton Library, Lat 249",https://ids.lib.harvard.edu/ids/iiif/26121221/full/full/0/default.jpg
25,158,"Page f. 90v.: Pentecost, (seq. 194) du volume États-Unis, Cambridge, Houghton Library, Lat 249",https://ids.lib.harvard.edu/ids/iiif/26121361/full/full/0/default.jpg
26,159,"Page f. 21v.: Lamentation of Christ, (seq. 56) du volume États-Unis, Cambridge, Houghton Library, Lat 249",https://ids.lib.harvard.edu/ids/iiif/26121223/full/full/0/default.jpg
27,160,"Page 152v du volume France, Paris, Bibliothèque nationale de France, nouv. acq. lat. 3214",https://gallica.bnf.fr/iiif/ark:/12148/btv1b8452837v/f308/full/full/0/default.jpg
28,164,"Page (seq. 262) du volume États-Unis, Cambridge, Houghton Library, Lat 250",https://ids.lib.harvard.edu/ids/iiif/10149616/full/full/0/default.jpg
29,167,"Page (seq. 13) du volume États-Unis, Cambridge, Houghton Library, Lat 250",https://ids.lib.harvard.edu/ids/iiif/10149364/full/full/0/default.jpg
30,168,"Page (seq. 23) du volume États-Unis, Cambridge, Houghton Library, Lat 250",https://ids.lib.harvard.edu/ids/iiif/10149375/full/full/0/default.jpg
31,173,"Page (seq. 90) du volume États-Unis, Cambridge, Houghton Library, Lat 251",https://ids.lib.harvard.edu/ids/iiif/10908882/full/full/0/default.jpg
32,185,"Page (seq. 159) du volume États-Unis, Cambridge, Houghton Library, Lat 253",https://ids.lib.harvard.edu/ids/iiif/10644289/full/full/0/default.jpg
33,189,"Page f. 12., (seq. 27) du volume États-Unis, Cambridge, Houghton Library, Richardson 05",https://ids.lib.harvard.edu/ids/iiif/17695605/full/full/0/default.jpg
34,208,"Page (seq. 9) du volume États-Unis, Cambridge, Houghton Library, Richardson 07",https://ids.lib.harvard.edu/ids/iiif/5981110/full/full/0/default.jpg
35,211,"Page f. 147v.: Veronica, (seq. 296) du volume États-Unis, Cambridge, Houghton Library, Richardson 09",https://ids.lib.harvard.edu/ids/iiif/16032638/full/full/0/default.jpg
36,216,"Page f. 107v.: Raising of Lazarus, (seq. 216) du volume États-Unis, Cambridge, Houghton Library, Richardson 09",https://ids.lib.harvard.edu/ids/iiif/16032558/full/full/0/default.jpg
37,217,"Page f. 79v., (seq. 160) du volume États-Unis, Cambridge, Houghton Library, Richardson 09",https://ids.lib.harvard.edu/ids/iiif/16032502/full/full/0/default.jpg
38,219,"Page (seq. 251) du volume États-Unis, Cambridge, Houghton Library, Richardson 34",https://ids.lib.harvard.edu/ids/iiif/6135626/full/full/0/default.jpg
39,222,"Page (seq. 278) du volume États-Unis, Cambridge, Houghton Library, Richardson 34",https://ids.lib.harvard.edu/ids/iiif/6135653/full/full/0/default.jpg
40,237,"Page f. 54v. (seq. 114) du volume États-Unis, Cambridge, Houghton Library, Richardson 45",https://ids.lib.harvard.edu/ids/iiif/47899761/full/full/0/default.jpg
41,238,"Page f. 154. (seq. 313) du volume États-Unis, Cambridge, Houghton Library, Richardson 45",https://ids.lib.harvard.edu/ids/iiif/47899960/full/full/0/default.jpg
42,254,"Page f. 59. (seq. 122) du volume États-Unis, Cambridge, Houghton Library, Typ 0253",https://ids.lib.harvard.edu/ids/iiif/49309411/full/full/0/default.jpg
43,266,"Page f. 34v. (seq. 75) du volume États-Unis, Cambridge, Houghton Library, Typ 0302",https://ids.lib.harvard.edu/ids/iiif/49593762/full/full/0/default.jpg
44,279,"Page f.142 (seq. 59) du volume États-Unis, Cambridge, Houghton Library, Typ 0443.1",https://ids.lib.harvard.edu/ids/iiif/48281243/full/full/0/default.jpg
45,290,"Page f. 46. (seq. 95) du volume États-Unis, Cambridge, Houghton Library, Typ 0463",https://ids.lib.harvard.edu/ids/iiif/422676303/full/full/0/default.jpg
46,299,"Page Fly leaf (1) (seq. 4) du volume États-Unis, Cambridge, Houghton Library, Typ 0464",https://ids.lib.harvard.edu/ids/iiif/49756458/full/full/0/default.jpg
47,308,"Page (seq. 262) du volume États-Unis, Cambridge, Houghton Library, Typ 0999",https://ids.lib.harvard.edu/ids/iiif/9900418/full/full/0/default.jpg
48,309,"Page (seq. 270) du volume États-Unis, Cambridge, Houghton Library, Typ 0999",https://ids.lib.harvard.edu/ids/iiif/9900426/full/full/0/default.jpg
49,312,"Page (seq. 217) du volume États-Unis, Cambridge, Houghton Library, Typ 1000",https://ids.lib.harvard.edu/ids/iiif/10310347/full/full/0/default.jpg
50,325,"Page (seq. 2) du volume États-Unis, Cambridge, Houghton Library, Typ 1012",https://ids.lib.harvard.edu/ids/iiif/11676404/full/full/0/default.jpg
51,328,"Page f. 89. (seq. 185) du volume États-Unis, Cambridge, Houghton Library, Widener 02",https://ids.lib.harvard.edu/ids/iiif/47779794/full/full/0/default.jpg
52,356,"Page f. 147v - 148 du volume France, Angers, Bibliothèque municipale, 0134 (0126)",https://iiif.irht.cnrs.fr/iiif/Angers/B490076101_MS0134/jp2/B490076101_MS0134_0152/full/full/0/default.jpg
53,366,"Page f. 054v - 055 du volume France, Angers, Bibliothèque municipale, 0138 (0130)",https://iiif.irht.cnrs.fr/iiif/Angers/B490076101_MS0138/jp2/B490076101_MS0138_0059/full/full/0/default.jpg
54,371,"Page 176r du volume France, Paris, Bibliothèque nationale de France, nouv. acq. lat. 3214",https://gallica.bnf.fr/iiif/ark:/12148/btv1b8452837v/f355/full/full/0/default.jpg
55,381,"Page f. 026v - 027 du volume France, Angers, Bibliothèque municipale, 2047",https://iiif.irht.cnrs.fr/iiif/Angers/B490076101_MS2047/jp2/B490076101_MS2047_0032/full/full/0/default.jpg
56,383,"Page f. 012v - 013 du volume France, Angers, Bibliothèque municipale, 2047",https://iiif.irht.cnrs.fr/iiif/Angers/B490076101_MS2047/jp2/B490076101_MS2047_0018/full/full/0/default.jpg
57,384,"Page f. 056v - 057 du volume France, Angers, Bibliothèque municipale, 2047",https://iiif.irht.cnrs.fr/iiif/Angers/B490076101_MS2047/jp2/B490076101_MS2047_0062/full/full/0/default.jpg
58,386,"Page f. 022v - 023 du volume France, Angers, Bibliothèque municipale, 2047",https://iiif.irht.cnrs.fr/iiif/Angers/B490076101_MS2047/jp2/B490076101_MS2047_0028/full/full/0/default.jpg
59,388,"Page f. 032v - 033 du volume France, Angers, Bibliothèque municipale, 2048",https://iiif.irht.cnrs.fr/iiif/Angers/B490076101_MS2048/jp2/B490076101_MS2048_0036/full/full/0/default.jpg
60,394,"Page f. 051v - 052 du volume France, Angers, Bibliothèque municipale, 2048",https://iiif.irht.cnrs.fr/iiif/Angers/B490076101_MS2048/jp2/B490076101_MS2048_0055/full/full/0/default.jpg
61,399,"Page f. 129v - 130 du volume France, Angers, Bibliothèque municipale, 2104",https://iiif.irht.cnrs.fr/iiif/Angers/B490076101_MS2104/jp2/B490076101_MS2104_0133/full/full/0/default.jpg
62,406,"Page f. 084v - 085 du volume France, Angers, Bibliothèque municipale, 2111",https://iiif.irht.cnrs.fr/iiif/Angers/B490076101_MS2111/jp2/B490076101_MS2111_0088/full/full/0/default.jpg
63,409,"Page f. 029v - 030 du volume France, Angers, Bibliothèque municipale, 2111",https://iiif.irht.cnrs.fr/iiif/Angers/B490076101_MS2111/jp2/B490076101_MS2111_0033/full/full/0/default.jpg
64,413,"Page f. 067v - 068 du volume France, Angers, Bibliothèque municipale, impr. Rés. T 1343",https://iiif.irht.cnrs.fr/iiif/Angers/B490076101_T1343/jp2/B530626201_T1343_0071/full/full/0/default.jpg
65,418,"Page f. 111v - 112 du volume France, Angers, Bibliothèque municipale, 2111",https://iiif.irht.cnrs.fr/iiif/Angers/B490076101_MS2111/jp2/B490076101_MS2111_0115/full/full/0/default.jpg
66,421,"Page f. 064v - 065 du volume France, Angers, Musée des Beaux-Arts, 2003.1.071",https://iiif.irht.cnrs.fr/iiif/Angers/M490075203_MS2003_1_071/jp2/M490075203_MS2003_1_071_0069/full/full/0/default.jpg
67,437,"Page f. 054v - 055 du volume France, Angers, Musée des Beaux-Arts, 2003.1.073",https://iiif.irht.cnrs.fr/iiif/Angers/M490075203_MS2003_1_073/jp2/M490075203_MS2003_1_073_0059/full/full/0/default.jpg
68,445,"Page f. 081v - 081 bis du volume France, Angers, Musée des Beaux-Arts, 2003.1.074",https://iiif.irht.cnrs.fr/iiif/Angers/M490075203_MS2003_1_074/jp2/M490075203_MS2003_1_074_0085/full/full/0/default.jpg
69,446,"Page f. 078v - 079 du volume France, Angers, Musée des Beaux-Arts, 2003.1.075",https://iiif.irht.cnrs.fr/iiif/Angers/M490075203_MS2003_1_075/jp2/M490075203_MS2003_1_075_0083/full/full/0/default.jpg
70,447,"Page f. 082v - 083 du volume France, Angers, Musée des Beaux-Arts, 2003.1.075",https://iiif.irht.cnrs.fr/iiif/Angers/M490075203_MS2003_1_075/jp2/M490075203_MS2003_1_075_0087/full/full/0/default.jpg
71,448,"Page f. 049v - 050 du volume France, Angers, Musée des Beaux-Arts, 2003.1.075",https://iiif.irht.cnrs.fr/iiif/Angers/M490075203_MS2003_1_075/jp2/M490075203_MS2003_1_075_0054/full/full/0/default.jpg
72,464,"Page f. 176v - 177 du volume France, Angers, Musée des Beaux-Arts, 2003.1.085",https://iiif.irht.cnrs.fr/iiif/Angers/M490075203_MS2003_1_085/jp2/M490075203_MS2003_1_085_0182/full/full/0/default.jpg
73,471,"Page vue 1 recto avec réglet du volume France, Angers, Musée des Beaux-Arts, 2003.1.784",https://iiif.irht.cnrs.fr/iiif/Angers/M490075203_MS2003_1_784/jp2/M490075203_MS2003_1_784_0001/full/full/0/default.jpg
74,476,"Page vue 1 recto avec réglet du volume France, Angers, Musée des Beaux-Arts, 2003.1.785",https://iiif.irht.cnrs.fr/iiif/Angers/M490075203_MS2003_1_785/jp2/M490075203_MS2003_1_785_0001/full/full/0/default.jpg
75,482,"Page f. 002v - 003 du volume France, Angers, Musée des Beaux-Arts, 2003.1.789",https://iiif.irht.cnrs.fr/iiif/Angers/M490075203_MS2003_1_789/jp2/M490075203_MS2003_1_789_0004/full/full/0/default.jpg
76,484,"Page f. 105v - 106 du volume France, Angers, Musée des Beaux-Arts, impr. 2003.1.078",https://iiif.irht.cnrs.fr/iiif/Angers/M490075203_impr_2003_1_078/jp2/M490075203_impr_2003_1_078_0111/full/full/0/default.jpg
77,494,"Page f. du volume France, Argentan, Bibliothèque municipale, 0027",https://iiif.irht.cnrs.fr/iiif/Argentan/590176201_MS0027/jp2/590176201_MS0027_0051/full/full/0/default.jpg
78,501,"Page f. 130v du volume France, Arras, Bibliothèque municipale, 0366 (0212)",https://iiif.irht.cnrs.fr/iiif/Arras/620416201_MS0366_0212/jp2/620416201_MS0366_0212_0132B/full/full/0/default.jpg
79,505,"Page f. 093v du volume France, Arras, Bibliothèque municipale, 0366 (0212)",https://iiif.irht.cnrs.fr/iiif/Arras/620416201_MS0366_0212/jp2/620416201_MS0366_0212_0095B/full/full/0/default.jpg
80,508,"Page f. 007r du volume France, Arras, Bibliothèque municipale, 0377 (0783)",https://iiif.irht.cnrs.fr/iiif/Arras/620416201_MS0377_0783/jp2/620416201_MS0377_0783_0011A/full/full/0/default.jpg
81,517,"Page f. 050v du volume France, Arras, Bibliothèque municipale, 0377 (0783)",https://iiif.irht.cnrs.fr/iiif/Arras/620416201_MS0377_0783/jp2/620416201_MS0377_0783_0054B/full/full/0/default.jpg
82,523,"Page f. 076v du volume France, Arras, Bibliothèque municipale, 0384 (0232)",https://iiif.irht.cnrs.fr/iiif/Arras/620416201_MS0384_0232/jp2/620416201_MS0384_0232_0079B/full/full/0/default.jpg
83,535,"Page f. 008v du volume France, Arras, Bibliothèque municipale, 0898 (0226)",https://iiif.irht.cnrs.fr/iiif/Arras/620416201_MS0898_0226/jp2/620416201_MS0898_0226_0013B/full/full/0/default.jpg
84,564,"Page p. 324 - 325 du volume France, Auch, Bibliothèque municipale, impr. 1064",https://iiif.irht.cnrs.fr/iiif/Auch/320136201_IMPR1064/jp2/320136201_IMPR1064_0170/full/full/0/default.jpg
85,565,"Page p. 128 - 129 du volume France, Auch, Bibliothèque municipale, impr. 1064",https://iiif.irht.cnrs.fr/iiif/Auch/320136201_IMPR1064/jp2/320136201_IMPR1064_0072/full/full/0/default.jpg
86,566,"Page f. 192v du volume France, Arras, Bibliothèque municipale, 1135 (0219)",https://iiif.irht.cnrs.fr/iiif/Arras/620416201_MS1135_0219/jp2/620416201_MS1135_0219_0196B/full/full/0/default.jpg
87,567,"Page p. 298 - 299 du volume France, Auch, Bibliothèque municipale, impr. 1064",https://iiif.irht.cnrs.fr/iiif/Auch/320136201_IMPR1064/jp2/320136201_IMPR1064_0157/full/full/0/default.jpg
88,570,"Page p. 388 - 389 du volume France, Auch, Bibliothèque municipale, impr. 1064",https://iiif.irht.cnrs.fr/iiif/Auch/320136201_IMPR1064/jp2/320136201_IMPR1064_0202/full/full/0/default.jpg
89,578,"Page f. 018v - contregarde inférieure du volume France, Autun, Bibliothèque de la Société Eduenne, M 004",https://iiif.irht.cnrs.fr/iiif/Autun/710145201_M_004/jp2/710145201_M_004_0022/full/full/0/default.jpg
90,591,"Page f. 091v - 092 du volume France, Autun, Bibliothèque municipale, 269",https://iiif.irht.cnrs.fr/iiif/Autun/710146101_269/jp2/710146101_269_0098/full/full/0/default.jpg
91,597,"Page f. 006v - 007 du volume France, Autun, Bibliothèque municipale, 269",https://iiif.irht.cnrs.fr/iiif/Autun/710146101_269/jp2/710146101_269_0013/full/full/0/default.jpg
92,609,"Page f. 028v - 029 du volume France, Autun, Bibliothèque municipale, S 190",https://iiif.irht.cnrs.fr/iiif/Autun/710146101_S_190/jp2/710146101_S_190_0034/full/full/0/default.jpg
93,611,"Page f. 056v - 057 du volume France, Autun, Bibliothèque municipale, S 190",https://iiif.irht.cnrs.fr/iiif/Autun/710146101_S_190/jp2/710146101_S_190_0062/full/full/0/default.jpg
94,614,"Page f. 180v - 181 du volume France, Autun, Bibliothèque municipale, S 191",https://iiif.irht.cnrs.fr/iiif/Autun/710146101_S_191/jp2/710146101_S_191_0187/full/full/0/default.jpg
95,621,"Page f. 083v - 084 du volume France, Autun, Bibliothèque municipale, S 192",https://iiif.irht.cnrs.fr/iiif/Autun/710146101_S_192/jp2/710146101_S_192_0089/full/full/0/default.jpg
96,624,"Page f. 010v - 011 du volume France, Autun, Bibliothèque municipale, S 192",https://iiif.irht.cnrs.fr/iiif/Autun/710146101_S_192/jp2/710146101_S_192_0016/full/full/0/default.jpg
97,629,"Page f. 004v du volume France, Autun, Bibliothèque municipale, S 196 (2)",https://iiif.irht.cnrs.fr/iiif/Autun/710146101_S_196_2/jp2/710146101_S_196_2_0006/full/full/0/default.jpg
98,660,"Page f. 091v - 092 du volume France, Auxerre, Trésor de la cathédrale, n°012",https://iiif.irht.cnrs.fr/iiif/Auxerre/890245409_n_012/jp2/890245409_n_012_0096/full/full/0/default.jpg
99,661,"Page f. 056v - 057 du volume France, Auxerre, Trésor de la cathédrale, n°012",https://iiif.irht.cnrs.fr/iiif/Auxerre/890245409_n_012/jp2/890245409_n_012_0061/full/full/0/default.jpg
100,671,"Page f. 043v - 044 du volume France, Auxerre, Trésor de la cathédrale, n°014",https://iiif.irht.cnrs.fr/iiif/Auxerre/890245409_n_014/jp2/890245409_n_014_0049/full/full/0/default.jpg
101,677,"Page f. 049v - 050 du volume France, Auxerre, Trésor de la cathédrale, n°015",https://iiif.irht.cnrs.fr/iiif/Auxerre/890245409_n_015/jp2/890245409_n_015_0054/full/full/0/default.jpg
102,678,"Page f. 041v - 042 du volume France, Auxerre, Trésor de la cathédrale, n°015",https://iiif.irht.cnrs.fr/iiif/Auxerre/890245409_n_015/jp2/890245409_n_015_0046/full/full/0/default.jpg
103,689,"Page f. 027v - 028 du volume France, Auxerre, Trésor de la cathédrale, n°016",https://iiif.irht.cnrs.fr/iiif/Auxerre/890245409_n_016/jp2/890245409_n_016_0032/full/full/0/default.jpg
104,694,"Page f. 092v - 093 du volume France, Auxerre, Trésor de la cathédrale, n°017",https://iiif.irht.cnrs.fr/iiif/Auxerre/890245409_n_017/jp2/890245409_n_017_0099/full/full/0/default.jpg
105,698,"Page f. 017v - 018 du volume France, Auxerre, Trésor de la cathédrale, n°017",https://iiif.irht.cnrs.fr/iiif/Auxerre/890245409_n_017/jp2/890245409_n_017_0024/full/full/0/default.jpg
106,701,"Page f. 102v - 103 du volume France, Auxerre, Trésor de la cathédrale, n°018",https://iiif.irht.cnrs.fr/iiif/Auxerre/890245409_n_018/jp2/890245409_n_018_0105/full/full/0/default.jpg
107,707,"Page f. 085v - 086 du volume France, Auxerre, Trésor de la cathédrale, n°019",https://iiif.irht.cnrs.fr/iiif/Auxerre/890245409_n_019/jp2/890245409_n_019_0090/full/full/0/default.jpg
108,728,"Page f. 000Dv - 000E du volume France, Avranches, Bibliothèque municipale, FP ms. 0001",https://iiif.irht.cnrs.fr/iiif/Avranches/500256201_FP_MS0001/DEPOT/500256201_FP_MS0001_0008/full/full/0/default.jpg
109,733,"Page f. 023v - 024 du volume France, Avranches, Bibliothèque municipale, FP ms. 0002",https://iiif.irht.cnrs.fr/iiif/Avranches/500256201_FP_Ms0002/DEPOT/500256201_Fds_Pigeon_Ms0002_0029/full/full/0/default.jpg
110,740,"Page f. 009v - 010 du volume France, Avranches, Bibliothèque municipale, FP ms. 0003",https://iiif.irht.cnrs.fr/iiif/Avranches/500256201_FP_MS0003/DEPOT/500256201_FP_MS0003_0018/full/full/0/default.jpg
111,753,"Page f. 077v - 078 du volume France, Bayeux, Bibliothèque du chapitre, 0080",https://iiif.irht.cnrs.fr/iiif/Bayeux/B140475201_MS0080/DEPOT/B140475201_MS0080_0087/full/full/0/default.jpg
112,756,"Page p. 128 - 129 du volume France, Beaune, Archives hospitalières, impr. Layette 123, 07",https://iiif.irht.cnrs.fr/iiif/Beaune/210545209_impr_layette_123_007/jp2/210545209_impr_layette_123_007_0070/full/full/0/default.jpg
113,760,"Page p. 062 - 063 du volume France, Beaune, Archives hospitalières, impr. Layette 123, 07",https://iiif.irht.cnrs.fr/iiif/Beaune/210545209_impr_layette_123_007/jp2/210545209_impr_layette_123_007_0037/full/full/0/default.jpg
114,773,"Page f. 003v - 004 du volume France, Beaune, Archives hospitalières, impr. Layette 123, 08",https://iiif.irht.cnrs.fr/iiif/Beaune/210545209_impr_layette_123_8/jp2/210545209_impr_layette_123_8_0011/full/full/0/default.jpg
115,774,"Page f. 001v - 002 du volume France, Beaune, Archives hospitalières, impr. Layette 123, 08",https://iiif.irht.cnrs.fr/iiif/Beaune/210545209_impr_layette_123_8/jp2/210545209_impr_layette_123_8_0009/full/full/0/default.jpg
116,782,"Page f. 012v - 013 du volume France, Beaune, Archives hospitalières, Layette 122, 03",https://iiif.irht.cnrs.fr/iiif/Beaune/210545209_layette_122_03/jp2/210545209_layette_122_03_0017/full/full/0/default.jpg
117,787,"Page f. 005v - 006 du volume France, Beaune, Archives hospitalières, Layette 122, 06",https://iiif.irht.cnrs.fr/iiif/Beaune/210545209_0006/jp2/210545209_006_0010/full/full/0/default.jpg
118,796,"Page f. 088v - 089 du volume France, Beaune, Archives hospitalières, Layette 123, 04",https://iiif.irht.cnrs.fr/iiif/Beaune/210545209_0003/jp2/210545209_003_0096/full/full/0/default.jpg
119,802,"Page bis du volume France, Beaune, Archives hospitalières, Layette 123, 04",https://iiif.irht.cnrs.fr/iiif/Beaune/210545209_0003/jp2/210545209_003_0007/full/full/0/default.jpg
120,824,"Page f. 080v - 081 du volume France, Beaune, Bibliothèque municipale, 039 (038)",https://iiif.irht.cnrs.fr/iiif/Beaune/210546201_S_039_038/jp2/210546201_S_039_038_0089/full/full/0/default.jpg
121,836,"Page f. 123v - 124 du volume France, Beaune, Bibliothèque municipale, 045 (044)",https://iiif.irht.cnrs.fr/iiif/Beaune/210546201_S_045_044/jp2/210546201_S_045_044_0129/full/full/0/default.jpg
122,840,"Page f. 096v - 097 du volume France, Beaune, Bibliothèque municipale, 053 (052)",https://iiif.irht.cnrs.fr/iiif/Beaune/210546201_S_053_052/jp2/210546201_S_053_052_0104/full/full/0/default.jpg
123,855,"Page f. 050v - 051 du volume France, Beaune, Bibliothèque municipale, 055 (054)",https://iiif.irht.cnrs.fr/iiif/Beaune/210546201_S_055_054/jp2/210546201_S_055_054_0057/full/full/0/default.jpg
124,900,"Page 122r du volume France, Paris, Bibliothèque nationale de France, nouv. acq. lat. 3217",https://gallica.bnf.fr/iiif/ark:/12148/btv1b8452820k/f249/full/full/0/default.jpg
125,903,"Page f. du volume France, Bordeaux, Bibliothèque municipale, 0094",https://iiif.irht.cnrs.fr/iiif/Bordeaux/330636101_MS0094/DEPOT/330636101_MS0094_0086/full/full/0/default.jpg
126,904,"Page f. du volume France, Bordeaux, Bibliothèque municipale, 0094",https://iiif.irht.cnrs.fr/iiif/Bordeaux/330636101_MS0094/DEPOT/330636101_MS0094_0059/full/full/0/default.jpg
127,906,"Page f. du volume France, Bordeaux, Bibliothèque municipale, 0094",https://iiif.irht.cnrs.fr/iiif/Bordeaux/330636101_MS0094/DEPOT/330636101_MS0094_0042/full/full/0/default.jpg
128,909,"Page f. 105v - 106 du volume France, Bordeaux, Bibliothèque municipale, 1525",https://iiif.irht.cnrs.fr/iiif/Bordeaux/330636101_MS1525/DEPOT/330636101_MS1525_0109/full/full/0/default.jpg
129,922,"Page f. 061v - 062 du volume France, Bordeaux, Bibliothèque municipale, Inc. 319",https://iiif.irht.cnrs.fr/iiif/Bordeaux/330636101_INC319/DEPOT/330636101_INC319_0071/full/full/0/default.jpg
130,924,"Page f. 037v - 038 du volume France, Bordeaux, Bibliothèque municipale, Inc. 319",https://iiif.irht.cnrs.fr/iiif/Bordeaux/330636101_INC319/DEPOT/330636101_INC319_0047/full/full/0/default.jpg
131,928,"Page f. 010v - 011 du volume France, Boulogne-sur-Mer, Bibliothèque municipale, 0089",https://iiif.irht.cnrs.fr/iiif/Boulogne-sur-Mer/B621606201_MS0089/jp2/621606201_MS0089_0017/full/full/0/default.jpg
132,929,"Page f. 030v - 031 du volume France, Boulogne-sur-Mer, Bibliothèque municipale, 0089",https://iiif.irht.cnrs.fr/iiif/Boulogne-sur-Mer/B621606201_MS0089/jp2/621606201_MS0089_0037/full/full/0/default.jpg
133,930,"Page f. 046v - 047 du volume France, Boulogne-sur-Mer, Bibliothèque municipale, 0089",https://iiif.irht.cnrs.fr/iiif/Boulogne-sur-Mer/B621606201_MS0089/jp2/621606201_MS0089_0053/full/full/0/default.jpg
134,940,"Page f. 068v - 069 du volume France, Boulogne-sur-Mer, Bibliothèque municipale, 0504",https://iiif.irht.cnrs.fr/iiif/Boulogne-sur-Mer/B621606201_MS0504/jp2/621606201_MS0504_0073/full/full/0/default.jpg
135,953,"Page f. 009v - 010 du volume France, Caen, Musée des Beaux-Arts, FMM.238",https://iiif.irht.cnrs.fr/iiif/Caen/141185204_coll_mancel_ms0238/jp2/141185204_coll_mancel_ms0238_0016/full/full/0/default.jpg
136,954,"Page f. 007v - 008 du volume France, Caen, Musée des Beaux-Arts, FMM.238",https://iiif.irht.cnrs.fr/iiif/Caen/141185204_coll_mancel_ms0238/jp2/141185204_coll_mancel_ms0238_0014/full/full/0/default.jpg
137,959,"Page f. 097v - 098 du volume France, Caen, Musée des Beaux-Arts, FMM.239",https://iiif.irht.cnrs.fr/iiif/Caen/141185204_coll_mancel_ms0239/jp2/141185204_coll_mancel_ms0239_0106/full/full/0/default.jpg
138,972,"Page f. 030v - 031 du volume France, Caen, Musée des Beaux-Arts, FMM.241",https://iiif.irht.cnrs.fr/iiif/Caen/141185204_coll_mancel_ms0241/jp2/141185204_coll_mancel_ms0241_0036/full/full/0/default.jpg
139,992,"Page f. 137v - 138 du volume France, Chantilly, Bibliothèque et archives du musée Condé, 0062 (1423)",https://iiif.irht.cnrs.fr/iiif/Chantilly/M601415401_MS0062/jp2/M601415401_MS0062_0144/full/full/0/default.jpg
140,1007,"Page f. 136v - 137 du volume France, Chantilly, Bibliothèque et archives du musée Condé, 0065 (1284)",https://iiif.irht.cnrs.fr/iiif/Chantilly/M601415401_MS0065/jp2/M601415401_MS0065_0141/full/full/0/default.jpg
141,1011,"Page f. 050v - 051 du volume France, Chantilly, Bibliothèque et archives du musée Condé, 0065 (1284)",https://iiif.irht.cnrs.fr/iiif/Chantilly/M601415401_MS0065/jp2/M601415401_MS0065_0055/full/full/0/default.jpg
142,1017,"Page f. 065v - 066 du volume France, Chantilly, Bibliothèque et archives du musée Condé, 0066 (1383)",https://iiif.irht.cnrs.fr/iiif/Chantilly/M601415401_MS0066/jp2/M601415401_MS0066_0070/full/full/0/default.jpg
143,1018,"Page f. 090v - 091 du volume France, Chantilly, Bibliothèque et archives du musée Condé, 0066 (1383)",https://iiif.irht.cnrs.fr/iiif/Chantilly/M601415401_MS0066/jp2/M601415401_MS0066_0095/full/full/0/default.jpg
144,1025,"Page f. 028v - 029 du volume France, Chantilly, Bibliothèque et archives du musée Condé, 0067 (1371)",https://iiif.irht.cnrs.fr/iiif/Chantilly/M601415401_MS0067/jp2/M601415401_MS0067_0035/full/full/0/default.jpg
145,1035,"Page f. 269v - 270 du volume France, Chantilly, Bibliothèque et archives du musée Condé, 0068 (1141)",https://iiif.irht.cnrs.fr/iiif/Chantilly/M601415401_MS0068/jp2/M601415401_MS0068_0277/full/full/0/default.jpg
146,1053,"Page f. 019v - 020 du volume France, Chantilly, Bibliothèque et archives du musée Condé, 0070 (1457)",https://iiif.irht.cnrs.fr/iiif/Chantilly/M601415401_MS0070/jp2/M601415401_MS0070_0025/full/full/0/default.jpg
147,1068,"Page contreplat inférieur du volume France, Chantilly, Bibliothèque et archives du musée Condé, 0070 (1457)",https://iiif.irht.cnrs.fr/iiif/Chantilly/M601415401_MS0070/jp2/M601415401_MS0070_0104/full/full/0/default.jpg
148,1075,"Page f. 094v - 095 du volume France, Chantilly, Bibliothèque et archives du musée Condé, 0073 (1355)",https://iiif.irht.cnrs.fr/iiif/Chantilly/M601415401_MS0073/jp2/M601415401_MS0073_0099/full/full/0/default.jpg
149,1077,"Page f. 126v - 127 du volume France, Chantilly, Bibliothèque et archives du musée Condé, 0078 (1567)",https://iiif.irht.cnrs.fr/iiif/Chantilly/M601415401_MS0078/jp2/M601415401_MS0078_0130/full/full/0/default.jpg
150,1078,"Page f. 055v - 056 du volume France, Chantilly, Bibliothèque et archives du musée Condé, 0078 (1567)",https://iiif.irht.cnrs.fr/iiif/Chantilly/M601415401_MS0078/jp2/M601415401_MS0078_0059/full/full/0/default.jpg
151,1079,"Page f. 147v - 148 du volume France, Chantilly, Bibliothèque et archives du musée Condé, 0078 (1567)",https://iiif.irht.cnrs.fr/iiif/Chantilly/M601415401_MS0078/jp2/M601415401_MS0078_0151/full/full/0/default.jpg
152,1082,"Page f. 037v - 038 du volume France, Chantilly, Bibliothèque et archives du musée Condé, 0078 (1567)",https://iiif.irht.cnrs.fr/iiif/Chantilly/M601415401_MS0078/jp2/M601415401_MS0078_0041/full/full/0/default.jpg
153,1083,"Page 134v du volume France, Paris, Bibliothèque nationale de France, nouv. acq. lat. 3217",https://gallica.bnf.fr/iiif/ark:/12148/btv1b8452820k/f274/full/full/0/default.jpg
154,1084,"Page 138r du volume France, Paris, Bibliothèque nationale de France, nouv. acq. lat. 3217",https://gallica.bnf.fr/iiif/ark:/12148/btv1b8452820k/f281/full/full/0/default.jpg
155,1090,"Page f. 181v - 182 du volume France, Chantilly, Bibliothèque et archives du musée Condé, 0078 (1567)",https://iiif.irht.cnrs.fr/iiif/Chantilly/M601415401_MS0078/jp2/M601415401_MS0078_0185/full/full/0/default.jpg
156,1099,"Page f. 010v - 011 du volume France, Chantilly, Bibliothèque et archives du musée Condé, 0079 (1397)",https://iiif.irht.cnrs.fr/iiif/Chantilly/M601415401_MS0079/jp2/M601415401_MS0079_0017/full/full/0/default.jpg
157,1102,"Page f. 071v - 072 du volume France, Chantilly, Bibliothèque et archives du musée Condé, 0080 (1399)",https://iiif.irht.cnrs.fr/iiif/Chantilly/M601415401_MS0080/jp2/M601415401_MS0080_0076/full/full/0/default.jpg
158,1126,"Page f. 118v - 119 du volume France, Chantilly, Bibliothèque et archives du musée Condé, 0083 (1385)",https://iiif.irht.cnrs.fr/iiif/Chantilly/M601415401_MS0083/jp2/M601415401_MS0083_0124/full/full/0/default.jpg
159,1131,"Page f. 166v - 167 du volume France, Chantilly, Bibliothèque et archives du musée Condé, 0084 (0071)",https://iiif.irht.cnrs.fr/iiif/Chantilly/M601415401_MS0084/jp2/M601415401_MS0084_0173/full/full/0/default.jpg
160,1134,"Page f. 051v - 052 du volume France, Chantilly, Bibliothèque et archives du musée Condé, 0084 (0071)",https://iiif.irht.cnrs.fr/iiif/Chantilly/M601415401_MS0084/jp2/M601415401_MS0084_0058/full/full/0/default.jpg
161,1146,"Page f. 156v - 157 du volume France, Chantilly, Bibliothèque et archives du musée Condé, 0085 (1175)",https://iiif.irht.cnrs.fr/iiif/Chantilly/M601415401_MS0085/jp2/M601415401_MS0085_0162/full/full/0/default.jpg
162,1163,"Page f. 114v - 115 du volume France, Chantilly, Bibliothèque et archives du musée Condé, 0087 (1557)",https://iiif.irht.cnrs.fr/iiif/Chantilly/M601415401_MS0087/jp2/M601415401_MS0087_0120/full/full/0/default.jpg
163,1164,"Page f. 060v - 061 du volume France, Chantilly, Bibliothèque et archives du musée Condé, 0087 (1557)",https://iiif.irht.cnrs.fr/iiif/Chantilly/M601415401_MS0087/jp2/M601415401_MS0087_0066/full/full/0/default.jpg
164,1166,"Page p. 042 - 043 du volume France, Chantilly, Bibliothèque et archives du musée Condé, 0088 (1123)",https://iiif.irht.cnrs.fr/iiif/Chantilly/M601415401_MS0088/jp2/M601415401_MS0088_0034/full/full/0/default.jpg
165,1170,"Page pas de pagination du volume France, Chantilly, Bibliothèque et archives du musée Condé, 0088 (1123)",https://iiif.irht.cnrs.fr/iiif/Chantilly/M601415401_MS0088/jp2/M601415401_MS0088_0120/full/full/0/default.jpg
166,1173,"Page p. 176 - 177 du volume France, Chantilly, Bibliothèque et archives du musée Condé, 0094 (1285)",https://iiif.irht.cnrs.fr/iiif/Chantilly/M601415401_MS0094/jp2/M601415401_MS0094_0097/full/full/0/default.jpg
167,1179,"Page p. 044 - 045 du volume France, Chantilly, Bibliothèque et archives du musée Condé, 0117 (1454)",https://iiif.irht.cnrs.fr/iiif/Chantilly/M601415401_MS0117/jp2/M601415401_MS0117_0029/full/full/0/default.jpg
168,1184,"Page vue 5 du volume France, Chantilly, Bibliothèque et archives du musée Condé, 0408 (1574)",https://iiif.irht.cnrs.fr/iiif/Chantilly/M601415401_MS0408/jp2/M601415401_MS0408_0007/full/full/0/default.jpg
169,1187,"Page vue avec réglet du volume France, Chantilly, Bibliothèque et archives du musée Condé, 0408 (1574)",https://iiif.irht.cnrs.fr/iiif/Chantilly/M601415401_MS0408/jp2/M601415401_MS0408_0002/full/full/0/default.jpg
170,1215,"Page f. 052v - 053 du volume France, Chantilly, Bibliothèque et archives du musée Condé, Bernier-I-C-028",https://iiif.irht.cnrs.fr/iiif/Chantilly/M601415401_BERNIER_I-C-028/jp2/M601415401_BERNIER_I-C-028_0058/full/full/0/default.jpg
171,1233,"Page f. ? du volume France, Chartres, Bibliothèque municipale, 0929",https://iiif.irht.cnrs.fr/iiif/Chartres/B280856201_MS0929/jp2/B280856201_MS0929_0053b/full/full/0/default.jpg
172,1237,"Page f. ? du volume France, Chartres, Bibliothèque municipale, 0929",https://iiif.irht.cnrs.fr/iiif/Chartres/B280856201_MS0929/jp2/B280856201_MS0929_0038a/full/full/0/default.jpg
173,1239,"Page f. 003v - 004 du volume France, Coutances, Bibliothèque municipale, 0004",https://iiif.irht.cnrs.fr/iiif/Coutances/B501476201_MS0004/DEPOT/B501476201_MS0004_0007/full/full/0/default.jpg
174,1260,"Page f. du volume France, Douai, Bibliothèque municipale, 0178",https://iiif.irht.cnrs.fr/iiif/Douai/591786101_MS0178/jp2/591786101_MS0178_0045/full/full/0/default.jpg
175,1276,"Page f. du volume France, Douai, Bibliothèque municipale, 0182",https://iiif.irht.cnrs.fr/iiif/Douai/591786101_MS0182/jp2/591786101_MS0182_0083/full/full/0/default.jpg
176,1279,"Page f. du volume France, Douai, Bibliothèque municipale, 0182",https://iiif.irht.cnrs.fr/iiif/Douai/591786101_MS0182/jp2/591786101_MS0182_0138/full/full/0/default.jpg
177,1286,"Page f. du volume France, Douai, Bibliothèque municipale, 0183",https://iiif.irht.cnrs.fr/iiif/Douai/591786101_MS0183/jp2/591786101_MS0183_0010/full/full/0/default.jpg
178,1287,"Page f. du volume France, Douai, Bibliothèque municipale, 0183",https://iiif.irht.cnrs.fr/iiif/Douai/591786101_MS0183/jp2/591786101_MS0183_0007/full/full/0/default.jpg
179,1288,"Page f. du volume France, Douai, Bibliothèque municipale, 0183",https://iiif.irht.cnrs.fr/iiif/Douai/591786101_MS0183/jp2/591786101_MS0183_0019/full/full/0/default.jpg
180,1295,"Page 178r du volume France, Paris, Bibliothèque nationale de France, nouv. acq. lat. 3217",https://gallica.bnf.fr/iiif/ark:/12148/btv1b8452820k/f361/full/full/0/default.jpg
181,1298,"Page f. du volume France, Douai, Bibliothèque municipale, 0183",https://iiif.irht.cnrs.fr/iiif/Douai/591786101_MS0183/jp2/591786101_MS0183_0091/full/full/0/default.jpg
182,1300,"Page f. du volume France, Douai, Bibliothèque municipale, 0183",https://iiif.irht.cnrs.fr/iiif/Douai/591786101_MS0183/jp2/591786101_MS0183_0110/full/full/0/default.jpg
183,1307,"Page f. du volume France, Douai, Bibliothèque municipale, 0184",https://iiif.irht.cnrs.fr/iiif/Douai/591786101_MS0184/jp2/591786101_MS0184_0055/full/full/0/default.jpg
184,1310,"Page f. du volume France, Douai, Bibliothèque municipale, 0184",https://iiif.irht.cnrs.fr/iiif/Douai/591786101_MS0184/jp2/591786101_MS0184_0169/full/full/0/default.jpg
185,1317,"Page f. du volume France, Douai, Bibliothèque municipale, 0188",https://iiif.irht.cnrs.fr/iiif/Douai/591786101_MS0188/jp2/591786101_MS0188_0089/full/full/0/default.jpg
186,1322,"Page f. du volume France, Langres, Bibliothèque municipale, 0004 (0030)",https://iiif.irht.cnrs.fr/iiif/Langres/B522696201_MS0004/DEPOT/B522696201_MS0004_0079/full/full/0/default.jpg
187,1325,"Page f. du volume France, Langres, Bibliothèque municipale, 0004 (0030)",https://iiif.irht.cnrs.fr/iiif/Langres/B522696201_MS0004/DEPOT/B522696201_MS0004_0046/full/full/0/default.jpg
188,1327,"Page f. du volume France, Langres, Bibliothèque municipale, 0004 (0030)",https://iiif.irht.cnrs.fr/iiif/Langres/B522696201_MS0004/DEPOT/B522696201_MS0004_0131/full/full/0/default.jpg
189,1328,"Page f. du volume France, Langres, Bibliothèque municipale, 0004 (0030)",https://iiif.irht.cnrs.fr/iiif/Langres/B522696201_MS0004/DEPOT/B522696201_MS0004_0051/full/full/0/default.jpg
190,1337,"Page f. 056v - 057 du volume France, Langres, Bibliothèque municipale, 0273",https://iiif.irht.cnrs.fr/iiif/Langres/B522696201_MS0273/jp2/B522696201_MS0273_0060/full/full/0/default.jpg
191,1339,"Page f. 099v - 100 du volume France, Langres, Bibliothèque municipale, 0273",https://iiif.irht.cnrs.fr/iiif/Langres/B522696201_MS0273/jp2/B522696201_MS0273_0102/full/full/0/default.jpg
192,1345,"Page f. 091v - 092 du volume France, Langres, Bibliothèque municipale, 0360",https://iiif.irht.cnrs.fr/iiif/Langres/B522696201_MS0360/jp2/B522696201_MS0360_0097/full/full/0/default.jpg
193,1346,"Page f. 159v - 160 du volume France, Langres, Bibliothèque municipale, 0360",https://iiif.irht.cnrs.fr/iiif/Langres/B522696201_MS0360/jp2/B522696201_MS0360_0165/full/full/0/default.jpg
194,1354,"Page f. 015v - 016 du volume France, Le Mans, Bibliothèque municipale, 0127",https://iiif.irht.cnrs.fr/iiif/Mans (Le)/B721816101_MS0127/DEPOT/B721816101_MS0127_0020/full/full/0/default.jpg
195,1355,"Page f. 043v - 044 du volume France, Le Mans, Bibliothèque municipale, 0186",https://iiif.irht.cnrs.fr/iiif/Mans (Le)/B721816101_MS0186/DEPOT/B721816101_MS0186_0049/full/full/0/default.jpg
196,1361,"Page f. 070v - 071 du volume France, Le Mans, Bibliothèque municipale, 0519",https://iiif.irht.cnrs.fr/iiif/Mans (Le)/B721816101_MS0519/DEPOT/B721816101_MS0519_0073/full/full/0/default.jpg
197,1362,"Page f. 082v - 083 du volume France, Le Mans, Bibliothèque municipale, 0519",https://iiif.irht.cnrs.fr/iiif/Mans (Le)/B721816101_MS0519/DEPOT/B721816101_MS0519_0084/full/full/0/default.jpg
198,1369,"Page f. 041v - 042 du volume France, Le Mans, Bibliothèque municipale, 0688",https://iiif.irht.cnrs.fr/iiif/Mans (Le)/B721816101_MS0688/DEPOT/B721816101_MS0688_0045/full/full/0/default.jpg
199,1381,"Page f. 072v - 073 du volume France, Le Mans, Bibliothèque municipale, 0700",https://iiif.irht.cnrs.fr/iiif/Mans (Le)/B721816101_MS0700/DEPOT/B721816101_MS0700_0078/full/full/0/default.jpg
200,1401,"Page f. 022v - 023 du volume France, Melun, Musée Municipal, inv. 967.47",https://iiif.irht.cnrs.fr/iiif/Melun/772885105_INV_967_47/jp2/772885105_INV_967_47_0024/full/full/0/default.jpg
201,1404,"Page f. 050v - 051 du volume France, Melun, Musée Municipal, inv. 967.47",https://iiif.irht.cnrs.fr/iiif/Melun/772885105_INV_967_47/jp2/772885105_INV_967_47_0054/full/full/0/default.jpg
202,1408,"Page f. 108r du volume France, Metz, Bibliothèque municipale, 0570",https://iiif.irht.cnrs.fr/iiif/Metz/574636101_MS0570/jp2/574636101_MS0570_0112A/full/full/0/default.jpg
203,1415,"Page f. 032r du volume France, Metz, Bibliothèque municipale, 0598",https://iiif.irht.cnrs.fr/iiif/Metz/574636101_MS0598/jp2/574636101_MS0598_0034A/full/full/0/default.jpg
204,1425,"Page f. 011r du volume France, Metz, Bibliothèque municipale, 0600",https://iiif.irht.cnrs.fr/iiif/Metz/574636101_MS0600/jp2/574636101_MS0600_0014A/full/full/0/default.jpg
205,1433,"Page f. 073r du volume France, Metz, Bibliothèque municipale, 1484",https://iiif.irht.cnrs.fr/iiif/Metz/574636101_MS1484/jp2/574636101_MS1484_0075A/full/full/0/default.jpg
206,1436,"Page f. 060v du volume France, Metz, Bibliothèque municipale, 1484",https://iiif.irht.cnrs.fr/iiif/Metz/574636101_MS1484/jp2/574636101_MS1484_0062B/full/full/0/default.jpg
207,1448,"Page 182v du volume France, Paris, Bibliothèque nationale de France, nouv. acq. lat. 3217",https://gallica.bnf.fr/iiif/ark:/12148/btv1b8452820k/f370/full/full/0/default.jpg
208,1450,"Page plat inférieur du volume France, Metz, Bibliothèque municipale, 1581",https://iiif.irht.cnrs.fr/iiif/Metz/574636101_MS1581/jp2/574636101_MS1581_0305B/full/full/0/default.jpg
209,1464,"Page f. 207r du volume France, Metz, Bibliothèque municipale, 1598",https://iiif.irht.cnrs.fr/iiif/Metz/574636101_MS1598/jp2/574636101_MS1598_0209A/full/full/0/default.jpg
210,1466,"Page f. 210r du volume France, Metz, Bibliothèque municipale, 1598",https://iiif.irht.cnrs.fr/iiif/Metz/574636101_MS1598/jp2/574636101_MS1598_0212A/full/full/0/default.jpg
211,1470,"Page f. 126v - 127 du volume France, Nantes, Bibliothèque municipale, 0019 (lat. 0019)",https://iiif.irht.cnrs.fr/iiif/Nantes/B441096101_MS0019/DEPOT/B441096101_MS0019_0131/full/full/0/default.jpg
212,1479,"Page p. 124 - 125 du volume France, Nantes, Bibliothèque municipale, 0020 (lat. 0020)",https://iiif.irht.cnrs.fr/iiif/Nantes/B441096101_MS0020/DEPOT/B441096101_MS0020_0066/full/full/0/default.jpg
213,1482,"Page p. 018 - 019 du volume France, Nantes, Bibliothèque municipale, 0020 (lat. 0020)",https://iiif.irht.cnrs.fr/iiif/Nantes/B441096101_MS0020/DEPOT/B441096101_MS0020_0014/full/full/0/default.jpg
214,1484,"Page p. 046 – 049 du volume France, Nantes, Bibliothèque municipale, 0020 (lat. 0020)",https://iiif.irht.cnrs.fr/iiif/Nantes/B441096101_MS0020/DEPOT/B441096101_MS0020_0028/full/full/0/default.jpg
215,1488,"Page f. 022v - 023 du volume France, Nantes, Bibliothèque municipale, 0021 (lat. 0021)",https://iiif.irht.cnrs.fr/iiif/Nantes/B441096101_MS0021/DEPOT/B441096101_MS0021_0027/full/full/0/default.jpg
216,1490,"Page f. 152v - 153 du volume France, Nantes, Bibliothèque municipale, 0021 (lat. 0021)",https://iiif.irht.cnrs.fr/iiif/Nantes/B441096101_MS0021/DEPOT/B441096101_MS0021_0160/full/full/0/default.jpg
217,1496,"Page f. 067v - 068 du volume France, Nantes, Bibliothèque municipale, 0022 (lat. 0022)",https://iiif.irht.cnrs.fr/iiif/Nantes/B441096101_MS0022/DEPOT/B441096101_MS0022_0058/full/full/0/default.jpg
218,1499,"Page f. 181v - 182 du volume France, Nantes, Bibliothèque municipale, 0022 (lat. 0022)",https://iiif.irht.cnrs.fr/iiif/Nantes/B441096101_MS0022/DEPOT/B441096101_MS0022_0173/full/full/0/default.jpg
219,1505,"Page f. 010v - 011 du volume France, Nantes, Bibliothèque municipale, 3072",https://iiif.irht.cnrs.fr/iiif/Nantes/B441096101_MS3072/jp2/B441096101_MS3072_0021/full/full/0/default.jpg
220,1507,"Page f. 194v - 195 du volume France, Nantes, Bibliothèque municipale, 3072",https://iiif.irht.cnrs.fr/iiif/Nantes/B441096101_MS3072/jp2/B441096101_MS3072_0205/full/full/0/default.jpg
221,1508,"Page f. 001v - 002 du volume France, Nantes, Bibliothèque municipale, 3072",https://iiif.irht.cnrs.fr/iiif/Nantes/B441096101_MS3072/jp2/B441096101_MS3072_0012/full/full/0/default.jpg
222,1510,"Page f. 045v - 046 du volume France, Nantes, Bibliothèque municipale, 3072",https://iiif.irht.cnrs.fr/iiif/Nantes/B441096101_MS3072/jp2/B441096101_MS3072_0056/full/full/0/default.jpg
223,1512,"Page f. 170v - 171 du volume France, Nantes, Bibliothèque municipale, 3340",https://iiif.irht.cnrs.fr/iiif/Nantes/B441096101_MS3340/jp2/B441096101_MS3340_0175/full/full/0/default.jpg
224,1528,"Page f. 143v - 144 du volume France, Nantes, Musée Dobrée, 0012, t. I",https://iiif.irht.cnrs.fr/iiif/Nantes/M441095203_MS0012_T1/jp2/M441095203_MS0012_T1_0150/full/full/0/default.jpg
225,1531,"Page f. 130v - 131 du volume France, Nantes, Musée Dobrée, 0012, t. I",https://iiif.irht.cnrs.fr/iiif/Nantes/M441095203_MS0012_T1/jp2/M441095203_MS0012_T1_0137/full/full/0/default.jpg
226,1534,"Page f. 058v - 059 du volume France, Nantes, Musée Dobrée, 0012, t. II",https://iiif.irht.cnrs.fr/iiif/Nantes/M441095203_MS0012_T2/jp2/M441095203_MS0012_T2_0066/full/full/0/default.jpg
227,1540,"Page f. 119v - 120 du volume France, Nantes, Musée Dobrée, 0012, t. II",https://iiif.irht.cnrs.fr/iiif/Nantes/M441095203_MS0012_T2/jp2/M441095203_MS0012_T2_0128/full/full/0/default.jpg
228,1549,"Page f. 208v - 209 du volume France, Nantes, Musée Dobrée, 0013",https://iiif.irht.cnrs.fr/iiif/Nantes/M441095203_MS0013/DEPOT/M441095203_MS0013_0214/full/full/0/default.jpg
229,1550,"Page f. 109v - 110 du volume France, Nantes, Musée Dobrée, 0013",https://iiif.irht.cnrs.fr/iiif/Nantes/M441095203_MS0013/DEPOT/M441095203_MS0013_0115/full/full/0/default.jpg
230,1554,"Page f. 020v - 021 du volume France, Nantes, Musée Dobrée, 0030",https://iiif.irht.cnrs.fr/iiif/Nantes/M441095203_MS0030/jp2/M441095203_MS0030_0027/full/full/0/default.jpg
231,1559,"Page f. 063v - 064 du volume France, Nantes, Musée Dobrée, 0031",https://iiif.irht.cnrs.fr/iiif/Nantes/M441095203_MS0031/DEPOT/M441095203_MS0031_0069/full/full/0/default.jpg
232,1564,"Page f. 060v - 061 du volume France, Nantes, Musée Dobrée, 0031",https://iiif.irht.cnrs.fr/iiif/Nantes/M441095203_MS0031/DEPOT/M441095203_MS0031_0066/full/full/0/default.jpg
233,1583,"Page f. 103v - 104 du volume France, Nantes, Musée Dobrée, 2005.1.1",https://iiif.irht.cnrs.fr/iiif/Nantes/M441095203_MS2005_1_1/DEPOT/M441095203_MS2005_1_1_0115/full/full/0/default.jpg
234,1588,"Page f. 040v - 041 du volume France, Nantes, Musée Dobrée, impr. 0690.2776",https://iiif.irht.cnrs.fr/iiif/Nantes/M441095203_IMPR690_2776/DEPOT/M441095203_IMPR690_2776_0045/full/full/0/default.jpg
235,1600,"Page f. 132v - 133 du volume France, Nantes, Musée Dobrée, 0028",https://iiif.irht.cnrs.fr/iiif/Nantes/M441095203_MS0028/jp2/M441095203_MS0028_0136/full/full/0/default.jpg
236,1621,"Page 193r du volume France, Paris, Bibliothèque de l'Arsenal, 0290",https://gallica.bnf.fr/iiif/ark:/12148/btv1b525011578/f405/full/full/0/default.jpg
237,1641,"Page dos du volume France, Paris, Bibliothèque de l'Arsenal, 0424",https://gallica.bnf.fr/iiif/ark:/12148/btv1b550131995/f653/full/full/0/default.jpg
238,1648,"Page 69r du volume France, Paris, Bibliothèque de l'Arsenal, 0426",https://gallica.bnf.fr/iiif/ark:/12148/btv1b55013078h/f151/full/full/0/default.jpg
239,1653,"Page 191r du volume France, Paris, Bibliothèque nationale de France, nouv. acq. lat. 3217",https://gallica.bnf.fr/iiif/ark:/12148/btv1b8452820k/f387/full/full/0/default.jpg
240,1658,"Page 165r du volume France, Paris, Bibliothèque de l'Arsenal, 0434",https://gallica.bnf.fr/iiif/ark:/12148/btv1b55011051v/f335/full/full/0/default.jpg
241,1682,"Page 85v du volume France, Paris, Bibliothèque de l'Arsenal, 0562",https://gallica.bnf.fr/iiif/ark:/12148/btv1b52505805b/f174/full/full/0/default.jpg
242,1700,"Page 47r du volume France, Paris, Bibliothèque de l'Arsenal, 0569",https://gallica.bnf.fr/iiif/ark:/12148/btv1b55009437p/f101/full/full/0/default.jpg
243,1701,"Page 9r du volume France, Paris, Bibliothèque de l'Arsenal, 0569",https://gallica.bnf.fr/iiif/ark:/12148/btv1b55009437p/f25/full/full/0/default.jpg
244,1711,"Page 1v du volume France, Paris, Bibliothèque de l'Arsenal, 0575 réserve",https://gallica.bnf.fr/iiif/ark:/12148/btv1b55009271w/f8/full/full/0/default.jpg
245,1716,"Page NP du volume France, Paris, Bibliothèque de l'Arsenal, 0575 Bis réserve",https://gallica.bnf.fr/iiif/ark:/12148/btv1b55009272b/f1/full/full/0/default.jpg
246,1729,"Page 64r du volume France, Paris, Bibliothèque de l'Arsenal, 0616",https://gallica.bnf.fr/iiif/ark:/12148/btv1b55012863j/f133/full/full/0/default.jpg
247,1739,"Page 26r du volume France, Paris, Bibliothèque de l'Arsenal, 0634",https://gallica.bnf.fr/iiif/ark:/12148/btv1b55010382b/f67/full/full/0/default.jpg
248,1753,"Page 116r du volume France, Paris, Bibliothèque de l'Arsenal, 0637",https://gallica.bnf.fr/iiif/ark:/12148/btv1b55010383s/f247/full/full/0/default.jpg
249,1763,"Page 5r du volume France, Paris, Bibliothèque de l'Arsenal, 0638",https://gallica.bnf.fr/iiif/ark:/12148/btv1b55008559f/f13/full/full/0/default.jpg
250,1773,"Page 84v du volume France, Paris, Bibliothèque de l'Arsenal, 0640",https://gallica.bnf.fr/iiif/ark:/12148/btv1b550057309/f174/full/full/0/default.jpg
251,1805,"Page 152r du volume France, Paris, Bibliothèque de l'Arsenal, 0645",https://gallica.bnf.fr/iiif/ark:/12148/btv1b55010116g/f309/full/full/0/default.jpg
252,1824,"Page 196v du volume France, Paris, Bibliothèque nationale de France, nouv. acq. lat. 3217",https://gallica.bnf.fr/iiif/ark:/12148/btv1b8452820k/f398/full/full/0/default.jpg
253,1827,"Page 162r du volume France, Paris, Bibliothèque de l'Arsenal, 0650",https://gallica.bnf.fr/iiif/ark:/12148/btv1b8458140s/f331/full/full/0/default.jpg
254,1836,"Page 107r du volume France, Paris, Bibliothèque de l'Arsenal, 0651",https://gallica.bnf.fr/iiif/ark:/12148/btv1b52502553b/f217/full/full/0/default.jpg
255,1837,"Page 125r du volume France, Paris, Bibliothèque de l'Arsenal, 0651",https://gallica.bnf.fr/iiif/ark:/12148/btv1b52502553b/f253/full/full/0/default.jpg
256,1839,"Page 15r du volume France, Paris, Bibliothèque de l'Arsenal, 0651",https://gallica.bnf.fr/iiif/ark:/12148/btv1b52502553b/f33/full/full/0/default.jpg
257,1841,"Page 1v du volume France, Paris, Bibliothèque de l'Arsenal, 0651",https://gallica.bnf.fr/iiif/ark:/12148/btv1b52502553b/f6/full/full/0/default.jpg
258,1862,"Page 49r du volume France, Paris, Bibliothèque de l'Arsenal, 0655",https://gallica.bnf.fr/iiif/ark:/12148/btv1b550085652/f103/full/full/0/default.jpg
259,1864,"Page 25r du volume France, Paris, Bibliothèque de l'Arsenal, 0655",https://gallica.bnf.fr/iiif/ark:/12148/btv1b550085652/f55/full/full/0/default.jpg
260,1872,"Page 37v du volume France, Paris, Bibliothèque de l'Arsenal, 0656",https://gallica.bnf.fr/iiif/ark:/12148/btv1b550092764/f78/full/full/0/default.jpg
261,1873,"Page 36v du volume France, Paris, Bibliothèque de l'Arsenal, 0656",https://gallica.bnf.fr/iiif/ark:/12148/btv1b550092764/f76/full/full/0/default.jpg
262,1886,"Page 131v du volume France, Paris, Bibliothèque de l'Arsenal, 1175",https://gallica.bnf.fr/iiif/ark:/12148/btv1b55008174h/f266/full/full/0/default.jpg
263,1901,"Page 289r du volume France, Paris, Bibliothèque de l'Arsenal, 1185",https://gallica.bnf.fr/iiif/ark:/12148/btv1b55007801k/f587/full/full/0/default.jpg
264,1902,"Page 282v du volume France, Paris, Bibliothèque de l'Arsenal, 1185",https://gallica.bnf.fr/iiif/ark:/12148/btv1b55007801k/f574/full/full/0/default.jpg
265,1933,"Page 17v du volume France, Paris, Bibliothèque de l'Arsenal, 2162",https://gallica.bnf.fr/iiif/ark:/12148/btv1b525068833/f40/full/full/0/default.jpg
266,1936,"Page 24v du volume France, Paris, Bibliothèque de l'Arsenal, 2162",https://gallica.bnf.fr/iiif/ark:/12148/btv1b525068833/f54/full/full/0/default.jpg
267,1939,"Page dos du volume France, Paris, Bibliothèque du Saulchoir, Rés. Ms. C 01",https://iiif.irht.cnrs.fr/iiif/Paris/751135401_RES_MSC01/jp2/751135401_RES_MSC01_0003/full/full/0/default.jpg
268,1942,"Page f. 021v - 022r du volume France, Paris, Bibliothèque du Saulchoir, Rés. Ms. C 09",https://iiif.irht.cnrs.fr/iiif/Paris/751135401_RES_MSC09/jp2/751135401_RES_MSC09_0026/full/full/0/default.jpg
269,1945,"Page f. 014v - 015r du volume France, Paris, Bibliothèque du Saulchoir, Rés. Ms. C 09",https://iiif.irht.cnrs.fr/iiif/Paris/751135401_RES_MSC09/jp2/751135401_RES_MSC09_0019/full/full/0/default.jpg
270,1956,"Page f. 074v - 075r du volume France, Paris, Bibliothèque du Saulchoir, Rés. Ms. C 10",https://iiif.irht.cnrs.fr/iiif/Paris/751135401_RES_MSC10/jp2/751135401_RES_MSC10_0080/full/full/0/default.jpg
271,1966,"Page f. 094v - 095 du volume France, Paris, Bibliothèque Historique de la Ville de Paris, impr. 8-RES-0105",https://iiif.irht.cnrs.fr/iiif/Paris/751045102_IMPR_8_RES_0105/jp2/751045102_impr_8_RES_0105_0102/full/full/0/default.jpg
272,1967,"Page f. 051v - 052 du volume France, Paris, Bibliothèque Historique de la Ville de Paris, impr. 8-RES-0106",https://iiif.irht.cnrs.fr/iiif/Paris/751045102_IMPR_8_RES_0106/jp2/751045102_impr_8_RES_0106_0057/full/full/0/default.jpg
273,1975,"Page f. 007v - 008 du volume France, Paris, Bibliothèque Historique de la Ville de Paris, impr. 8-RES-0106",https://iiif.irht.cnrs.fr/iiif/Paris/751045102_IMPR_8_RES_0106/jp2/751045102_impr_8_RES_0106_0013/full/full/0/default.jpg
274,1984,"Page f. 001 - 002 du volume France, Paris, Bibliothèque Historique de la Ville de Paris, impr. 8-RES-0107",https://iiif.irht.cnrs.fr/iiif/Paris/751045102_IMPR_8_RES_0107/jp2/751045102_impr_8_RES_0107_0007/full/full/0/default.jpg
275,1987,"Page NP du volume France, Paris, Bibliothèque nationale de France, fr. 01874",https://gallica.bnf.fr/iiif/ark:/12148/btv1b9007441s/f115/full/full/0/default.jpg
276,1990,"Page NP du volume France, Paris, Bibliothèque nationale de France, fr. 01874",https://gallica.bnf.fr/iiif/ark:/12148/btv1b9007441s/f35/full/full/0/default.jpg
277,1993,"Page NP du volume France, Paris, Bibliothèque nationale de France, fr. 01874",https://gallica.bnf.fr/iiif/ark:/12148/btv1b9007441s/f6/full/full/0/default.jpg
278,1997,"Page 25r du volume France, Paris, Bibliothèque nationale de France, fr. 02224",https://gallica.bnf.fr/iiif/ark:/12148/btv1b85397092/f57/full/full/0/default.jpg
279,2018,"Page 438v du volume France, Paris, Bibliothèque nationale de France, lat. 00757",https://gallica.bnf.fr/iiif/ark:/12148/btv1b8470209d/f880/full/full/0/default.jpg
280,2025,"Page NP du volume France, Paris, Bibliothèque nationale de France, lat. 00774A",https://gallica.bnf.fr/iiif/ark:/12148/btv1b100361075/f101/full/full/0/default.jpg
281,2028,"Page NP du volume France, Paris, Bibliothèque nationale de France, lat. 00774A",https://gallica.bnf.fr/iiif/ark:/12148/btv1b100361075/f72/full/full/0/default.jpg
282,2044,"Page NP du volume France, Paris, Bibliothèque nationale de France, lat. 00774C",https://gallica.bnf.fr/iiif/ark:/12148/btv1b10036012z/f48/full/full/0/default.jpg
283,2069,"Page 90r du volume France, Paris, Bibliothèque nationale de France, lat. 00923",https://gallica.bnf.fr/iiif/ark:/12148/btv1b10537589m/f183/full/full/0/default.jpg
284,2074,"Page 4v du volume France, Paris, Bibliothèque nationale de France, lat. 00923",https://gallica.bnf.fr/iiif/ark:/12148/btv1b10537589m/f12/full/full/0/default.jpg
285,2085,"Page 226r du volume France, Paris, Bibliothèque nationale de France, nouv. acq. lat. 3217",https://gallica.bnf.fr/iiif/ark:/12148/btv1b8452820k/f457/full/full/0/default.jpg
286,2086,"Page 223v du volume France, Paris, Bibliothèque nationale de France, nouv. acq. lat. 3217",https://gallica.bnf.fr/iiif/ark:/12148/btv1b8452820k/f452/full/full/0/default.jpg
287,2091,"Page 308r du volume France, Paris, Bibliothèque nationale de France, lat. 00924",https://gallica.bnf.fr/iiif/ark:/12148/btv1b8496557x/f615/full/full/0/default.jpg
288,2106,"Page NP du volume France, Paris, Bibliothèque nationale de France, lat. 01079",https://gallica.bnf.fr/iiif/ark:/12148/btv1b10036591q/f29/full/full/0/default.jpg
289,2107,"Page NP du volume France, Paris, Bibliothèque nationale de France, lat. 01079",https://gallica.bnf.fr/iiif/ark:/12148/btv1b10036591q/f121/full/full/0/default.jpg
290,2108,"Page NP du volume France, Paris, Bibliothèque nationale de France, lat. 01079",https://gallica.bnf.fr/iiif/ark:/12148/btv1b10036591q/f31/full/full/0/default.jpg
291,2122,"Page 9r du volume France, Paris, Bibliothèque nationale de France, lat. 01156A",https://gallica.bnf.fr/iiif/ark:/12148/btv1b6000466t/f29/full/full/0/default.jpg
292,2138,"Page 161r du volume France, Paris, Bibliothèque nationale de France, lat. 01156B",https://gallica.bnf.fr/iiif/ark:/12148/btv1b52502614h/f333/full/full/0/default.jpg
293,2141,"Page 11r du volume France, Paris, Bibliothèque nationale de France, lat. 01158",https://gallica.bnf.fr/iiif/ark:/12148/btv1b10532608h/f35/full/full/0/default.jpg
294,2167,"Page NP du volume France, Paris, Bibliothèque nationale de France, lat. 01162",https://gallica.bnf.fr/iiif/ark:/12148/btv1b100386783/f185/full/full/0/default.jpg
295,2168,"Page NP du volume France, Paris, Bibliothèque nationale de France, lat. 01162",https://gallica.bnf.fr/iiif/ark:/12148/btv1b100386783/f16/full/full/0/default.jpg
296,2173,"Page 69v du volume France, Paris, Bibliothèque nationale de France, lat. 01168",https://gallica.bnf.fr/iiif/ark:/12148/btv1b8496559r/f150/full/full/0/default.jpg
297,2191,"Page NP du volume France, Paris, Bibliothèque nationale de France, lat. 01170",https://gallica.bnf.fr/iiif/ark:/12148/btv1b90764667/f73/full/full/0/default.jpg
298,2197,"Page 68r du volume France, Paris, Bibliothèque nationale de France, lat. 01173",https://gallica.bnf.fr/iiif/ark:/12148/btv1b52502694t/f145/full/full/0/default.jpg
299,2210,"Page 143r du volume France, Paris, Bibliothèque nationale de France, lat. 01175",https://gallica.bnf.fr/iiif/ark:/12148/btv1b10527644s/f293/full/full/0/default.jpg
300,2212,"Page 2v du volume France, Paris, Bibliothèque nationale de France, lat. 01175",https://gallica.bnf.fr/iiif/ark:/12148/btv1b10527644s/f12/full/full/0/default.jpg
301,2246,"Page NP du volume France, Paris, Bibliothèque nationale de France, lat. 01182",https://gallica.bnf.fr/iiif/ark:/12148/btv1b10032288x/f55/full/full/0/default.jpg
302,2262,"Page Bois inf. recto du volume France, Paris, Bibliothèque nationale de France, lat. 01190",https://gallica.bnf.fr/iiif/ark:/12148/btv1b10538031d/f10/full/full/0/default.jpg
303,2266,"Page 34r du volume France, Paris, Bibliothèque nationale de France, lat. 01202",https://gallica.bnf.fr/iiif/ark:/12148/btv1b84469449/f74/full/full/0/default.jpg
304,2267,"Page 58v du volume France, Paris, Bibliothèque nationale de France, lat. 01202",https://gallica.bnf.fr/iiif/ark:/12148/btv1b84469449/f128/full/full/0/default.jpg
305,2271,"Page 9r du volume France, Paris, Bibliothèque nationale de France, lat. 01190",https://gallica.bnf.fr/iiif/ark:/12148/btv1b10538031d/f29/full/full/0/default.jpg
306,2272,"Page 68v du volume France, Paris, Bibliothèque nationale de France, lat. 01202",https://gallica.bnf.fr/iiif/ark:/12148/btv1b84469449/f149/full/full/0/default.jpg
307,2276,"Page 210r du volume France, Paris, Bibliothèque nationale de France, lat. 01352",https://gallica.bnf.fr/iiif/ark:/12148/btv1b10515833p/f425/full/full/0/default.jpg
308,2280,"Page 24r du volume France, Paris, Bibliothèque nationale de France, lat. 01352",https://gallica.bnf.fr/iiif/ark:/12148/btv1b10515833p/f51/full/full/0/default.jpg
309,2284,"Page 180r du volume France, Paris, Bibliothèque nationale de France, lat. 01352",https://gallica.bnf.fr/iiif/ark:/12148/btv1b10515833p/f363/full/full/0/default.jpg
310,2294,"Page 18 du volume France, Paris, Bibliothèque nationale de France, lat. 01369",https://gallica.bnf.fr/iiif/ark:/12148/btv1b52501939c/f28/full/full/0/default.jpg
311,2302,"Page 14v du volume France, Paris, Bibliothèque nationale de France, lat. 01370",https://gallica.bnf.fr/iiif/ark:/12148/btv1b8453974s/f32/full/full/0/default.jpg
312,2306,"Page 218r du volume France, Paris, Bibliothèque nationale de France, lat. 01370",https://gallica.bnf.fr/iiif/ark:/12148/btv1b8453974s/f439/full/full/0/default.jpg
313,2321,"Page NP du volume France, Paris, Bibliothèque nationale de France, lat. 01380",https://gallica.bnf.fr/iiif/ark:/12148/btv1b100365942/f118/full/full/0/default.jpg
314,2347,"Page NP du volume France, Paris, Bibliothèque nationale de France, lat. 01400",https://gallica.bnf.fr/iiif/ark:/12148/btv1b10032335w/f31/full/full/0/default.jpg
315,2351,"Page NP du volume France, Paris, Bibliothèque nationale de France, lat. 01400",https://gallica.bnf.fr/iiif/ark:/12148/btv1b10032335w/f125/full/full/0/default.jpg
316,2355,"Page 6v du volume France, Paris, Bibliothèque nationale de France, lat. 01403",https://gallica.bnf.fr/iiif/ark:/12148/btv1b84522015/f18/full/full/0/default.jpg
317,2368,"Page 44r du volume France, Paris, Bibliothèque nationale de France, lat. 01405",https://gallica.bnf.fr/iiif/ark:/12148/btv1b105326072/f99/full/full/0/default.jpg
318,2369,"Page NP du volume France, Paris, Bibliothèque nationale de France, lat. 01408",https://gallica.bnf.fr/iiif/ark:/12148/btv1b9065943c/f19/full/full/0/default.jpg
319,2384,"Page 31r du volume France, Paris, Bibliothèque nationale de France, lat. 01414",https://gallica.bnf.fr/iiif/ark:/12148/btv1b10020325g/f65/full/full/0/default.jpg
320,2391,"Page NP du volume France, Paris, Bibliothèque nationale de France, lat. 01427",https://gallica.bnf.fr/iiif/ark:/12148/btv1b90680221/f153/full/full/0/default.jpg
321,2392,"Page NP du volume France, Paris, Bibliothèque nationale de France, lat. 01427",https://gallica.bnf.fr/iiif/ark:/12148/btv1b90680221/f213/full/full/0/default.jpg
322,2393,"Page NP du volume France, Paris, Bibliothèque nationale de France, lat. 01427",https://gallica.bnf.fr/iiif/ark:/12148/btv1b90680221/f140/full/full/0/default.jpg
323,2407,"Page 178r du volume France, Paris, Bibliothèque nationale de France, lat. 05371",https://gallica.bnf.fr/iiif/ark:/12148/btv1b10545022q/f359/full/full/0/default.jpg
324,2413,"Page 270v du volume France, Paris, Bibliothèque nationale de France, lat. 05371",https://gallica.bnf.fr/iiif/ark:/12148/btv1b10545022q/f546/full/full/0/default.jpg
325,2431,"Page 177r du volume France, Paris, Bibliothèque nationale de France, lat. 09473",https://gallica.bnf.fr/iiif/ark:/12148/btv1b105326055/f365/full/full/0/default.jpg
326,2444,"Page 10v du volume France, Paris, Bibliothèque nationale de France, lat. 09474",https://gallica.bnf.fr/iiif/ark:/12148/btv1b550093038/f26/full/full/0/default.jpg
327,2450,"Page 220 du volume France, Paris, Bibliothèque nationale de France, lat. 09477",https://gallica.bnf.fr/iiif/ark:/12148/btv1b52510074b/f232/full/full/0/default.jpg
328,2453,"Page 15 du volume France, Paris, Bibliothèque nationale de France, lat. 09477",https://gallica.bnf.fr/iiif/ark:/12148/btv1b52510074b/f29/full/full/0/default.jpg
329,2457,"Page 71 du volume France, Paris, Bibliothèque nationale de France, lat. 09477",https://gallica.bnf.fr/iiif/ark:/12148/btv1b52510074b/f85/full/full/0/default.jpg
330,2461,"Page 8r du volume France, Paris, Bibliothèque nationale de France, lat. 10433",https://gallica.bnf.fr/iiif/ark:/12148/btv1b85388041/f21/full/full/0/default.jpg
331,2464,"Page 99r du volume France, Paris, Bibliothèque nationale de France, lat. 10433",https://gallica.bnf.fr/iiif/ark:/12148/btv1b85388041/f203/full/full/0/default.jpg
332,2470,"Page 68r du volume France, Paris, Bibliothèque nationale de France, nouv. acq. lat. 3226",https://gallica.bnf.fr/iiif/ark:/12148/btv1b10532604q/f139/full/full/0/default.jpg
333,2474,"Page 8v du volume France, Paris, Bibliothèque nationale de France, lat. 10491",https://gallica.bnf.fr/iiif/ark:/12148/btv1b8427237h/f30/full/full/0/default.jpg
334,2492,"Page NP du volume France, Paris, Bibliothèque nationale de France, lat. 10527",https://gallica.bnf.fr/iiif/ark:/12148/btv1b9078403b/f145/full/full/0/default.jpg
335,2501,"Page 287 du volume France, Paris, Bibliothèque nationale de France, lat. 10532",https://gallica.bnf.fr/iiif/ark:/12148/btv1b8427228j/f291/full/full/0/default.jpg
336,2507,"Page 9v du volume France, Paris, Bibliothèque nationale de France, lat. 10533",https://gallica.bnf.fr/iiif/ark:/12148/btv1b10318624f/f24/full/full/0/default.jpg
337,2520,"Page NP du volume France, Paris, Bibliothèque nationale de France, lat. 10538",https://gallica.bnf.fr/iiif/ark:/12148/btv1b10034277r/f28/full/full/0/default.jpg
338,2521,"Page NP du volume France, Paris, Bibliothèque nationale de France, lat. 10538",https://gallica.bnf.fr/iiif/ark:/12148/btv1b10034277r/f110/full/full/0/default.jpg
339,2523,"Page NP du volume France, Paris, Bibliothèque nationale de France, lat. 10538",https://gallica.bnf.fr/iiif/ark:/12148/btv1b10034277r/f249/full/full/0/default.jpg
340,2524,"Page NP du volume France, Paris, Bibliothèque nationale de France, lat. 10538",https://gallica.bnf.fr/iiif/ark:/12148/btv1b10034277r/f370/full/full/0/default.jpg
341,2544,"Page NP du volume France, Paris, Bibliothèque nationale de France, lat. 10539",https://gallica.bnf.fr/iiif/ark:/12148/btv1b10038211z/f129/full/full/0/default.jpg
342,2557,"Page NP du volume France, Paris, Bibliothèque nationale de France, lat. 10561",https://gallica.bnf.fr/iiif/ark:/12148/btv1b10036304k/f3/full/full/0/default.jpg
343,2561,"Page NP du volume France, Paris, Bibliothèque nationale de France, lat. 10561",https://gallica.bnf.fr/iiif/ark:/12148/btv1b10036304k/f119/full/full/0/default.jpg
344,2563,"Page NP du volume France, Paris, Bibliothèque nationale de France, lat. 10561",https://gallica.bnf.fr/iiif/ark:/12148/btv1b10036304k/f17/full/full/0/default.jpg
345,2567,"Page 45r du volume France, Paris, Bibliothèque nationale de France, lat. 10565",https://gallica.bnf.fr/iiif/ark:/12148/btv1b10538047h/f95/full/full/0/default.jpg
346,2571,"Page 46v du volume France, Paris, Bibliothèque nationale de France, lat. 10565",https://gallica.bnf.fr/iiif/ark:/12148/btv1b10538047h/f98/full/full/0/default.jpg
347,2572,"Page 4 du volume France, Paris, Bibliothèque nationale de France, lat. 10567",https://gallica.bnf.fr/iiif/ark:/12148/btv1b105380373/f38/full/full/0/default.jpg
348,2573,"Page 65 du volume France, Paris, Bibliothèque nationale de France, lat. 10567",https://gallica.bnf.fr/iiif/ark:/12148/btv1b105380373/f99/full/full/0/default.jpg
349,2580,"Page NP du volume France, Paris, Bibliothèque nationale de France, lat. 10568",https://gallica.bnf.fr/iiif/ark:/12148/btv1b10538036n/f39/full/full/0/default.jpg
350,2584,"Page 8 du volume France, Paris, Bibliothèque nationale de France, lat. 10568",https://gallica.bnf.fr/iiif/ark:/12148/btv1b10538036n/f23/full/full/0/default.jpg
351,2587,"Page NP du volume France, Paris, Bibliothèque nationale de France, lat. 13235",https://gallica.bnf.fr/iiif/ark:/12148/btv1b10036284h/f108/full/full/0/default.jpg
352,2608,"Page NP du volume France, Paris, Bibliothèque nationale de France, lat. 13261",https://gallica.bnf.fr/iiif/ark:/12148/btv1b10036640k/f78/full/full/0/default.jpg
353,2620,"Page NP du volume France, Paris, Bibliothèque nationale de France, lat. 13263",https://gallica.bnf.fr/iiif/ark:/12148/btv1b9068094h/f153/full/full/0/default.jpg
354,2640,"Page 12r du volume France, Paris, Bibliothèque nationale de France, lat. 13279",https://gallica.bnf.fr/iiif/ark:/12148/btv1b10509406b/f25/full/full/0/default.jpg
355,2647,"Page NP du volume France, Paris, Bibliothèque nationale de France, lat. 13283",https://gallica.bnf.fr/iiif/ark:/12148/btv1b10036620r/f102/full/full/0/default.jpg
356,2653,"Page NP du volume France, Paris, Bibliothèque nationale de France, lat. 13283",https://gallica.bnf.fr/iiif/ark:/12148/btv1b10036620r/f56/full/full/0/default.jpg
357,2663,"Page 106v du volume France, Paris, Bibliothèque nationale de France, nouv. acq. lat. 3226",https://gallica.bnf.fr/iiif/ark:/12148/btv1b10532604q/f216/full/full/0/default.jpg
358,2677,"Page NP du volume France, Paris, Bibliothèque nationale de France, lat. 13294",https://gallica.bnf.fr/iiif/ark:/12148/btv1b10034543v/f202/full/full/0/default.jpg
359,2679,"Page NP du volume France, Paris, Bibliothèque nationale de France, lat. 13295",https://gallica.bnf.fr/iiif/ark:/12148/btv1b10034545r/f49/full/full/0/default.jpg
360,2686,"Page NP du volume France, Paris, Bibliothèque nationale de France, lat. 13298",https://gallica.bnf.fr/iiif/ark:/12148/btv1b90680933/f187/full/full/0/default.jpg
361,2689,"Page NP du volume France, Paris, Bibliothèque nationale de France, lat. 13298",https://gallica.bnf.fr/iiif/ark:/12148/btv1b90680933/f92/full/full/0/default.jpg
362,2690,"Page NP du volume France, Paris, Bibliothèque nationale de France, lat. 13298",https://gallica.bnf.fr/iiif/ark:/12148/btv1b90680933/f172/full/full/0/default.jpg
363,2691,"Page NP du volume France, Paris, Bibliothèque nationale de France, lat. 13298",https://gallica.bnf.fr/iiif/ark:/12148/btv1b90680933/f94/full/full/0/default.jpg
364,2721,"Page 74r du volume France, Paris, Bibliothèque nationale de France, lat. 18014",https://gallica.bnf.fr/iiif/ark:/12148/btv1b8449684q/f155/full/full/0/default.jpg
365,2722,"Page 143r du volume France, Paris, Bibliothèque nationale de France, lat. 18014",https://gallica.bnf.fr/iiif/ark:/12148/btv1b8449684q/f295/full/full/0/default.jpg
366,2736,"Page NP du volume France, Paris, Bibliothèque nationale de France, lat. 18017",https://gallica.bnf.fr/iiif/ark:/12148/btv1b107213516/f40/full/full/0/default.jpg
367,2737,"Page NP du volume France, Paris, Bibliothèque nationale de France, lat. 18017",https://gallica.bnf.fr/iiif/ark:/12148/btv1b107213516/f92/full/full/0/default.jpg
368,2738,"Page NP du volume France, Paris, Bibliothèque nationale de France, lat. 18017",https://gallica.bnf.fr/iiif/ark:/12148/btv1b107213516/f143/full/full/0/default.jpg
369,2740,"Page NP du volume France, Paris, Bibliothèque nationale de France, lat. 18017",https://gallica.bnf.fr/iiif/ark:/12148/btv1b107213516/f108/full/full/0/default.jpg
370,2744,"Page 53r du volume France, Paris, Bibliothèque nationale de France, lat. 18021",https://gallica.bnf.fr/iiif/ark:/12148/btv1b6000515v/f111/full/full/0/default.jpg
371,2769,"Page NP du volume France, Paris, Bibliothèque nationale de France, nouv. acq. lat. 0082",https://gallica.bnf.fr/iiif/ark:/12148/btv1b10035936n/f180/full/full/0/default.jpg
372,2775,"Page 17v du volume France, Paris, Bibliothèque nationale de France, nouv. acq. lat. 0083",https://gallica.bnf.fr/iiif/ark:/12148/btv1b105127516/f46/full/full/0/default.jpg
373,2778,"Page 77v du volume France, Paris, Bibliothèque nationale de France, nouv. acq. lat. 0083",https://gallica.bnf.fr/iiif/ark:/12148/btv1b105127516/f166/full/full/0/default.jpg
374,2780,"Page 84v du volume France, Paris, Bibliothèque nationale de France, nouv. acq. lat. 0083",https://gallica.bnf.fr/iiif/ark:/12148/btv1b105127516/f180/full/full/0/default.jpg
375,2781,"Page 81v du volume France, Paris, Bibliothèque nationale de France, nouv. acq. lat. 0083",https://gallica.bnf.fr/iiif/ark:/12148/btv1b105127516/f174/full/full/0/default.jpg
376,2794,"Page NP du volume France, Paris, Bibliothèque nationale de France, nouv. acq. lat. 0215",https://gallica.bnf.fr/iiif/ark:/12148/btv1b10036821z/f165/full/full/0/default.jpg
377,2803,"Page NP du volume France, Paris, Bibliothèque nationale de France, nouv. acq. lat. 0385",https://gallica.bnf.fr/iiif/ark:/12148/btv1b10033580t/f10/full/full/0/default.jpg
378,2806,"Page NP du volume France, Paris, Bibliothèque nationale de France, nouv. acq. lat. 0385",https://gallica.bnf.fr/iiif/ark:/12148/btv1b10033580t/f98/full/full/0/default.jpg
379,2809,"Page 95r du volume France, Paris, Bibliothèque nationale de France, nouv. acq. lat. 0392",https://gallica.bnf.fr/iiif/ark:/12148/btv1b105326038/f198/full/full/0/default.jpg
380,2811,"Page 152r du volume France, Paris, Bibliothèque nationale de France, nouv. acq. lat. 0392",https://gallica.bnf.fr/iiif/ark:/12148/btv1b105326038/f312/full/full/0/default.jpg
381,2838,"Page 40v du volume France, Paris, Bibliothèque nationale de France, nouv. acq. lat. 3229",https://gallica.bnf.fr/iiif/ark:/12148/btv1b84528299/f88/full/full/0/default.jpg
382,2846,"Page NP du volume France, Paris, Bibliothèque nationale de France, nouv. acq. lat. 0688",https://gallica.bnf.fr/iiif/ark:/12148/btv1b100383478/f258/full/full/0/default.jpg
383,2850,"Page NP du volume France, Paris, Bibliothèque nationale de France, nouv. acq. lat. 0688",https://gallica.bnf.fr/iiif/ark:/12148/btv1b100383478/f282/full/full/0/default.jpg
384,2859,"Page NP du volume France, Paris, Bibliothèque nationale de France, nouv. acq. lat. 0841",https://gallica.bnf.fr/iiif/ark:/12148/btv1b10038346t/f56/full/full/0/default.jpg
385,2866,"Page 56r du volume France, Paris, Bibliothèque nationale de France, nouv. acq. lat. 0894",https://gallica.bnf.fr/iiif/ark:/12148/btv1b10020246c/f121/full/full/0/default.jpg
386,2871,"Page NP du volume France, Paris, Bibliothèque nationale de France, nouv. acq. lat. 1416",https://gallica.bnf.fr/iiif/ark:/12148/btv1b105094102/f1/full/full/0/default.jpg
387,2882,"Page 101v du volume France, Paris, Bibliothèque nationale de France, nouv. acq. lat. 3055",https://gallica.bnf.fr/iiif/ark:/12148/btv1b525095563/f206/full/full/0/default.jpg
388,2889,"Page 99v du volume France, Paris, Bibliothèque nationale de France, nouv. acq. lat. 3090",https://gallica.bnf.fr/iiif/ark:/12148/btv1b10515741t/f206/full/full/0/default.jpg
389,2894,"Page 10r du volume France, Paris, Bibliothèque nationale de France, nouv. acq. lat. 3090",https://gallica.bnf.fr/iiif/ark:/12148/btv1b10515741t/f27/full/full/0/default.jpg
390,2898,"Page 17v du volume France, Paris, Bibliothèque nationale de France, nouv. acq. lat. 3090",https://gallica.bnf.fr/iiif/ark:/12148/btv1b10515741t/f42/full/full/0/default.jpg
391,2919,"Page NP du volume France, Paris, Bibliothèque nationale de France, nouv. acq. lat. 3109",https://gallica.bnf.fr/iiif/ark:/12148/btv1b10035303s/f74/full/full/0/default.jpg
392,2927,"Page 147r du volume France, Paris, Bibliothèque nationale de France, nouv. acq. lat. 3110",https://gallica.bnf.fr/iiif/ark:/12148/btv1b52509634r/f295/full/full/0/default.jpg
393,2935,"Page 4r du volume France, Paris, Bibliothèque nationale de France, nouv. acq. lat. 3111",https://gallica.bnf.fr/iiif/ark:/12148/btv1b52509627p/f17/full/full/0/default.jpg
394,2937,"Page 96r du volume France, Paris, Bibliothèque nationale de France, nouv. acq. lat. 3111",https://gallica.bnf.fr/iiif/ark:/12148/btv1b52509627p/f201/full/full/0/default.jpg
395,2940,"Page dos du volume France, Paris, Bibliothèque nationale de France, nouv. acq. lat. 3111",https://gallica.bnf.fr/iiif/ark:/12148/btv1b52509627p/f343/full/full/0/default.jpg
396,2942,"Page 11r du volume France, Paris, Bibliothèque nationale de France, nouv. acq. lat. 3112",https://gallica.bnf.fr/iiif/ark:/12148/btv1b8451104r/f25/full/full/0/default.jpg
397,2949,"Page 30r du volume France, Paris, Bibliothèque nationale de France, nouv. acq. lat. 3113",https://gallica.bnf.fr/iiif/ark:/12148/btv1b60005168/f69/full/full/0/default.jpg
398,2954,"Page 66v du volume France, Paris, Bibliothèque nationale de France, nouv. acq. lat. 3113",https://gallica.bnf.fr/iiif/ark:/12148/btv1b60005168/f142/full/full/0/default.jpg
399,2956,"Page 39r du volume France, Paris, Bibliothèque nationale de France, nouv. acq. lat. 3114",https://gallica.bnf.fr/iiif/ark:/12148/btv1b52509693s/f87/full/full/0/default.jpg
400,2959,"Page 13r du volume France, Paris, Bibliothèque nationale de France, nouv. acq. lat. 3114",https://gallica.bnf.fr/iiif/ark:/12148/btv1b52509693s/f35/full/full/0/default.jpg
401,2962,"Page 38r du volume France, Paris, Bibliothèque nationale de France, nouv. acq. lat. 3115",https://gallica.bnf.fr/iiif/ark:/12148/btv1b550008032/f87/full/full/0/default.jpg
402,2963,"Page 23v du volume France, Paris, Bibliothèque nationale de France, nouv. acq. lat. 3115",https://gallica.bnf.fr/iiif/ark:/12148/btv1b550008032/f58/full/full/0/default.jpg
403,2985,"Page NP du volume France, Paris, Bibliothèque nationale de France, nouv. acq. lat. 3117",https://gallica.bnf.fr/iiif/ark:/12148/btv1b10037275w/f100/full/full/0/default.jpg
404,2986,"Page NP du volume France, Paris, Bibliothèque nationale de France, nouv. acq. lat. 3118",https://gallica.bnf.fr/iiif/ark:/12148/btv1b10036467s/f69/full/full/0/default.jpg
405,2994,"Page NP du volume France, Paris, Bibliothèque nationale de France, nouv. acq. lat. 3119",https://gallica.bnf.fr/iiif/ark:/12148/btv1b100373758/f67/full/full/0/default.jpg
406,3001,"Page NP du volume France, Paris, Bibliothèque nationale de France, nouv. acq. lat. 3119",https://gallica.bnf.fr/iiif/ark:/12148/btv1b100373758/f43/full/full/0/default.jpg
407,3006,"Page 18r du volume France, Paris, Bibliothèque nationale de France, nouv. acq. lat. 3120",https://gallica.bnf.fr/iiif/ark:/12148/btv1b10515740c/f39/full/full/0/default.jpg
408,3012,"Page 70r du volume France, Paris, Bibliothèque nationale de France, nouv. acq. lat. 3134",https://gallica.bnf.fr/iiif/ark:/12148/btv1b6000424g/f145/full/full/0/default.jpg
409,3013,"Page 17r du volume France, Paris, Bibliothèque nationale de France, nouv. acq. lat. 3134",https://gallica.bnf.fr/iiif/ark:/12148/btv1b6000424g/f39/full/full/0/default.jpg
410,3016,"Page 71r du volume France, Paris, Bibliothèque nationale de France, nouv. acq. lat. 3134",https://gallica.bnf.fr/iiif/ark:/12148/btv1b6000424g/f147/full/full/0/default.jpg
411,3021,"Page 8r du volume France, Paris, Bibliothèque nationale de France, nouv. acq. lat. 3187",https://gallica.bnf.fr/iiif/ark:/12148/btv1b8447775g/f25/full/full/0/default.jpg
412,3037,"Page 207v du volume France, Paris, Bibliothèque nationale de France, nouv. acq. lat. 3187",https://gallica.bnf.fr/iiif/ark:/12148/btv1b8447775g/f426/full/full/0/default.jpg
413,3040,"Page 197v du volume France, Paris, Bibliothèque nationale de France, nouv. acq. lat. 3187",https://gallica.bnf.fr/iiif/ark:/12148/btv1b8447775g/f406/full/full/0/default.jpg
414,3049,"Page 41r du volume France, Paris, Bibliothèque nationale de France, nouv. acq. lat. 3190",https://gallica.bnf.fr/iiif/ark:/12148/btv1b84528084/f83/full/full/0/default.jpg
415,3055,"Page 51v du volume France, Paris, Bibliothèque nationale de France, nouv. acq. lat. 3191",https://gallica.bnf.fr/iiif/ark:/12148/btv1b6000442d/f106/full/full/0/default.jpg
416,3062,"Page 131v du volume France, Paris, Bibliothèque nationale de France, nouv. acq. lat. 3191",https://gallica.bnf.fr/iiif/ark:/12148/btv1b6000442d/f266/full/full/0/default.jpg
417,3064,"Page 151v du volume France, Paris, Bibliothèque nationale de France, nouv. acq. lat. 3191",https://gallica.bnf.fr/iiif/ark:/12148/btv1b6000442d/f306/full/full/0/default.jpg
418,3067,"Page 155v du volume France, Paris, Bibliothèque nationale de France, nouv. acq. lat. 3191",https://gallica.bnf.fr/iiif/ark:/12148/btv1b6000442d/f314/full/full/0/default.jpg
419,3074,"Page 76v du volume France, Paris, Bibliothèque nationale de France, nouv. acq. lat. 3194",https://gallica.bnf.fr/iiif/ark:/12148/btv1b53000324z/f158/full/full/0/default.jpg
420,3083,"Page NP du volume France, Paris, Bibliothèque nationale de France, nouv. acq. lat. 3196",https://gallica.bnf.fr/iiif/ark:/12148/btv1b10035924b/f172/full/full/0/default.jpg
421,3084,"Page NP du volume France, Paris, Bibliothèque nationale de France, nouv. acq. lat. 3196",https://gallica.bnf.fr/iiif/ark:/12148/btv1b10035924b/f199/full/full/0/default.jpg
422,3086,"Page 43r du volume France, Paris, Bibliothèque nationale de France, nouv. acq. lat. 3197",https://gallica.bnf.fr/iiif/ark:/12148/btv1b105154676/f91/full/full/0/default.jpg
423,3089,"Page 48r du volume France, Paris, Bibliothèque nationale de France, nouv. acq. lat. 3197",https://gallica.bnf.fr/iiif/ark:/12148/btv1b105154676/f101/full/full/0/default.jpg
424,3090,"Page 7r du volume France, Paris, Bibliothèque nationale de France, nouv. acq. lat. 3197",https://gallica.bnf.fr/iiif/ark:/12148/btv1b105154676/f19/full/full/0/default.jpg
425,3091,"Page 3v du volume France, Paris, Bibliothèque nationale de France, nouv. acq. lat. 3197",https://gallica.bnf.fr/iiif/ark:/12148/btv1b105154676/f12/full/full/0/default.jpg
426,3092,"Page 121v du volume France, Paris, Bibliothèque nationale de France, nouv. acq. lat. 3197",https://gallica.bnf.fr/iiif/ark:/12148/btv1b105154676/f250/full/full/0/default.jpg
427,3094,"Page 122v du volume France, Paris, Bibliothèque nationale de France, nouv. acq. lat. 3197",https://gallica.bnf.fr/iiif/ark:/12148/btv1b105154676/f252/full/full/0/default.jpg
428,3097,"Page 127v du volume France, Paris, Bibliothèque nationale de France, nouv. acq. lat. 3197",https://gallica.bnf.fr/iiif/ark:/12148/btv1b105154676/f262/full/full/0/default.jpg
429,3100,"Page NP du volume France, Paris, Bibliothèque nationale de France, nouv. acq. lat. 3200",https://gallica.bnf.fr/iiif/ark:/12148/btv1b10037130m/f82/full/full/0/default.jpg
430,3101,"Page NP du volume France, Paris, Bibliothèque nationale de France, nouv. acq. lat. 3200",https://gallica.bnf.fr/iiif/ark:/12148/btv1b10037130m/f121/full/full/0/default.jpg
431,3110,"Page 68r du volume France, Paris, Bibliothèque nationale de France, nouv. acq. lat. 3201",https://gallica.bnf.fr/iiif/ark:/12148/btv1b53000319s/f139/full/full/0/default.jpg
432,3135,"Page 48r du volume France, Paris, Bibliothèque nationale de France, nouv. acq. lat. 3209",https://gallica.bnf.fr/iiif/ark:/12148/btv1b84528158/f97/full/full/0/default.jpg
433,3144,"Page 41v du volume France, Paris, Bibliothèque nationale de France, nouv. acq. lat. 3210",https://gallica.bnf.fr/iiif/ark:/12148/btv1b10532602t/f88/full/full/0/default.jpg
434,3147,"Page 8v du volume France, Paris, Bibliothèque nationale de France, nouv. acq. lat. 3210",https://gallica.bnf.fr/iiif/ark:/12148/btv1b10532602t/f22/full/full/0/default.jpg
435,3174,"Page 145r du volume France, Paris, Bibliothèque nationale de France, nouv. acq. lat. 3234",https://gallica.bnf.fr/iiif/ark:/12148/btv1b84528262/f303/full/full/0/default.jpg
436,3176,"Page 144v du volume France, Paris, Bibliothèque nationale de France, nouv. acq. lat. 3234",https://gallica.bnf.fr/iiif/ark:/12148/btv1b84528262/f302/full/full/0/default.jpg
437,3181,"Page 218v du volume France, Paris, Bibliothèque nationale de France, nouv. acq. lat. 3244",https://gallica.bnf.fr/iiif/ark:/12148/btv1b8571085n/f450/full/full/0/default.jpg
438,3183,"Page 234v du volume France, Paris, Bibliothèque nationale de France, nouv. acq. lat. 3244",https://gallica.bnf.fr/iiif/ark:/12148/btv1b8571085n/f482/full/full/0/default.jpg
439,3193,"Page 1r du volume France, Paris, Bibliothèque nationale de France, Smith-Lesouëf 24",https://gallica.bnf.fr/iiif/ark:/12148/btv1b105222685/f1/full/full/0/default.jpg
440,3212,"Page f. 166v - 167 du volume France, Paris, Petit Palais, Musée des Beaux-Arts de la ville de Paris, LDUT 0035",https://iiif.irht.cnrs.fr/iiif/Paris/751085109_LDUT_0035/jp2/751085109_LDUT_0035_0172/full/full/0/default.jpg
441,3226,"Page f. 118v - 119 du volume France, Paris, Petit Palais, Musée des Beaux-Arts de la ville de Paris, LDUT 0037",https://iiif.irht.cnrs.fr/iiif/Paris/751085109_LDUT_0037/jp2/751085109_LDUT_0037_0123/full/full/0/default.jpg
442,3246,"Page f. 058v - 059 du volume France, Rennes, Bibliothèque municipale, 0027",https://iiif.irht.cnrs.fr/iiif/Rennes/352386106_MS0027/jp2/352386106_MS0027_0064/full/full/0/default.jpg
443,3255,"Page f. 063v - 064 du volume France, Rennes, Bibliothèque municipale, 0029",https://iiif.irht.cnrs.fr/iiif/Rennes/352386106_MS0029/jp2/352386106_MS0029_0070/full/full/0/default.jpg
444,3259,"Page f. 075v - 076 du volume France, Rennes, Bibliothèque municipale, 0030",https://iiif.irht.cnrs.fr/iiif/Rennes/352386106_MS0030/jp2/352386106_MS0030_0081/full/full/0/default.jpg
445,3261,"Page f. 033v - 034 du volume France, Rennes, Bibliothèque municipale, 0030",https://iiif.irht.cnrs.fr/iiif/Rennes/352386106_MS0030/jp2/352386106_MS0030_0039/full/full/0/default.jpg
446,3263,"Page f. 136v - 137 du volume France, Rennes, Bibliothèque municipale, 0029",https://iiif.irht.cnrs.fr/iiif/Rennes/352386106_MS0029/jp2/352386106_MS0029_0143/full/full/0/default.jpg
447,3269,"Page f. 124v - 125 du volume France, Rennes, Bibliothèque municipale, 0031",https://iiif.irht.cnrs.fr/iiif/Rennes/352386106_MS0031/jp2/352386106_MS0031_0145/full/full/0/default.jpg
448,3274,"Page p. 137 - 138 du volume France, Rennes, Bibliothèque municipale, 0032",https://iiif.irht.cnrs.fr/iiif/Rennes/352386106_MS0032/jp2/352386106_MS0032_0086/full/full/0/default.jpg
449,3277,"Page p. 080 - 081 du volume France, Rennes, Bibliothèque municipale, 0032",https://iiif.irht.cnrs.fr/iiif/Rennes/352386106_MS0032/jp2/352386106_MS0032_0053/full/full/0/default.jpg
450,3286,"Page f. 038v (feuillet masqué) - 039 du volume France, Rennes, Bibliothèque municipale, 0035",https://iiif.irht.cnrs.fr/iiif/Rennes/352386106_MS0035/jp2/352386106_MS0035_0049/full/full/0/default.jpg
451,3295,"Page f. 061v - 062 du volume France, Rennes, Bibliothèque municipale, 0037",https://iiif.irht.cnrs.fr/iiif/Rennes/352386106_MS0037/jp2/352386106_MS0037_0068/full/full/0/default.jpg
452,3297,"Page f. 018v - 019 du volume France, Rennes, Bibliothèque municipale, 0037",https://iiif.irht.cnrs.fr/iiif/Rennes/352386106_MS0037/jp2/352386106_MS0037_0025/full/full/0/default.jpg
453,3298,"Page f. 094v - 095 du volume France, Rennes, Bibliothèque municipale, 0037",https://iiif.irht.cnrs.fr/iiif/Rennes/352386106_MS0037/jp2/352386106_MS0037_0101/full/full/0/default.jpg
454,3313,"Page f. 045v - 046 du volume France, Rennes, Bibliothèque municipale, 1277",https://iiif.irht.cnrs.fr/iiif/Rennes/352386106_MS1277/jp2/352386106_MS1277_0049/full/full/0/default.jpg
455,3319,"Page f. 026v - 027 du volume France, Rennes, Bibliothèque municipale, 1334",https://iiif.irht.cnrs.fr/iiif/Rennes/352386106_MS1334/jp2/352386106_MS1334_0031/full/full/0/default.jpg
456,3320,"Page f. 120v - 121 du volume France, Rennes, Bibliothèque municipale, 1334",https://iiif.irht.cnrs.fr/iiif/Rennes/352386106_MS1334/jp2/352386106_MS1334_0125/full/full/0/default.jpg
457,3324,"Page f. 091v - 092 du volume France, Rennes, Bibliothèque municipale, 1334",https://iiif.irht.cnrs.fr/iiif/Rennes/352386106_MS1334/jp2/352386106_MS1334_0096/full/full/0/default.jpg
458,3327,"Page f. 215v - 216 du volume France, Rennes, Bibliothèque municipale, 1335",https://iiif.irht.cnrs.fr/iiif/Rennes/352386106_MS1335/jp2/352386106_MS1335_0221/full/full/0/default.jpg
459,3342,"Page f. 055v - 056 du volume France, Rennes, Bibliothèque municipale, 1510",https://iiif.irht.cnrs.fr/iiif/Rennes/352386106_MS1510/jp2/352386106_MS1510_0061/full/full/0/default.jpg
460,3354,"Page f. 077v - 078 du volume France, Rennes, Bibliothèque municipale, 1512",https://iiif.irht.cnrs.fr/iiif/Rennes/352386106_MS1512/jp2/352386106_MS1512_0087/full/full/0/default.jpg
461,3370,"Page f. 116v bis - 117 du volume France, Rennes, Bibliothèque municipale, 1588",https://iiif.irht.cnrs.fr/iiif/Rennes/352386106_MS1588/jp2/352386106_MS1588_0122/full/full/0/default.jpg
462,3372,"Page f. 132v - 133 du volume France, Rennes, Bibliothèque municipale, 1558",https://iiif.irht.cnrs.fr/iiif/Rennes/352386106_MS1558/jp2/352386106_MS1558_0138/full/full/0/default.jpg
463,3375,"Page f. 049v - 050 du volume France, Rennes, Bibliothèque municipale, 1637",https://iiif.irht.cnrs.fr/iiif/Rennes/352386106_MS1637/jp2/352386106_MS1637_0054/full/full/0/default.jpg
464,3377,"Page f. 025v - 026 du volume France, Rennes, Bibliothèque municipale, 1637",https://iiif.irht.cnrs.fr/iiif/Rennes/352386106_MS1637/jp2/352386106_MS1637_0030/full/full/0/default.jpg
465,3379,"Page f. 036v - 037 du volume France, Rennes, Bibliothèque municipale, 1637",https://iiif.irht.cnrs.fr/iiif/Rennes/352386106_MS1637/jp2/352386106_MS1637_0041/full/full/0/default.jpg
466,3387,"Page f. 044v - 045 du volume France, Rennes, Bibliothèque municipale, 1696",https://iiif.irht.cnrs.fr/iiif/Rennes/352386106_MS1696/jp2/352386106_MS1696_0048/full/full/0/default.jpg
467,3405,"Page f. 152v - 153 du volume France, Rodez, Bibliothèque municipale, 0138",https://iiif.irht.cnrs.fr/iiif/Rodez/122026201_MS0138/DEPOT/122026201_MS0138_0157/full/full/0/default.jpg
468,3408,"Page f. 107v - 108 du volume France, Rodez, Bibliothèque municipale, 0138",https://iiif.irht.cnrs.fr/iiif/Rodez/122026201_MS0138/DEPOT/122026201_MS0138_0112/full/full/0/default.jpg
469,3415,"Page plat supérieur du volume France, Rouen, Musée des Beaux-Arts, AG.1975.4.5839",https://iiif.irht.cnrs.fr/iiif/Rouen/M0729_AG_1975_4_5839/jp2/M0729_AG_1975_4_5839_0001/full/full/0/default.jpg
470,3430,"Page f. 002v - 003 du volume France, Saumur, Château-Musée, 0002",https://iiif.irht.cnrs.fr/iiif/Saumur/493285201_MS0002/jp2/493285201_MS0002_0011/full/full/0/default.jpg
471,3435,"Page vue 084 du volume France, Saumur, Château-Musée, inc. 0040",https://iiif.irht.cnrs.fr/iiif/Saumur/493285201_INC0040/jp2/493285201_INC0040_0088/full/full/0/default.jpg
472,3440,"Page vue 008 du volume France, Saumur, Château-Musée, inc. 0040",https://iiif.irht.cnrs.fr/iiif/Saumur/493285201_INC0040/jp2/493285201_INC0040_0012/full/full/0/default.jpg
473,3447,"Page f. 034v - 035 du volume France, Strasbourg, Bibliothèque du Grand Séminaire, 0739",https://iiif.irht.cnrs.fr/iiif/Strasbourg/B674825406_MS0739/jp2/B674825406_MS0739_0038/full/full/0/default.jpg
474,3456,"Page f. 063v - 064 du volume France, Tonnerre, Bibliothèque municipale, 01 (01)",https://iiif.irht.cnrs.fr/iiif/Tonnerre/894186201_001/jp2/894186201_001_0067/full/full/0/default.jpg
475,3457,"Page f. 085v - 086 du volume France, Tonnerre, Bibliothèque municipale, 01 (01)",https://iiif.irht.cnrs.fr/iiif/Tonnerre/894186201_001/jp2/894186201_001_0089/full/full/0/default.jpg
476,3458,"Page f. 037v - 038 du volume France, Tonnerre, Bibliothèque municipale, 01 (01)",https://iiif.irht.cnrs.fr/iiif/Tonnerre/894186201_001/jp2/894186201_001_0041/full/full/0/default.jpg
477,3459,"Page f. 073v - 074 du volume France, Tonnerre, Bibliothèque municipale, 01 (01)",https://iiif.irht.cnrs.fr/iiif/Tonnerre/894186201_001/jp2/894186201_001_0077/full/full/0/default.jpg
478,3461,"Page f. 078v - 079 du volume France, Toulouse, Bibliothèque municipale, 0129",https://iiif.irht.cnrs.fr/iiif/Toulouse/315556101_MS0129/DEPOT/315556101_MS0129_0083/full/full/0/default.jpg
479,3467,"Page f. 023v - 024 du volume France, Toulouse, Bibliothèque municipale, 0130",https://iiif.irht.cnrs.fr/iiif/Toulouse/315556101_MS0130/DEPOT/315556101_MS0130_0030/full/full/0/default.jpg
480,3473,"Page f. 076v - 077 du volume France, Toulouse, Bibliothèque municipale, 0131",https://iiif.irht.cnrs.fr/iiif/Toulouse/315556101_MS0131/DEPOT/315556101_MS0131_0082/full/full/0/default.jpg
481,3474,"Page f. 051v - 052 du volume France, Toulouse, Bibliothèque municipale, 0131",https://iiif.irht.cnrs.fr/iiif/Toulouse/315556101_MS0131/DEPOT/315556101_MS0131_0057/full/full/0/default.jpg
482,3476,"Page f. 041v - 042 du volume France, Toulouse, Bibliothèque municipale, 0131",https://iiif.irht.cnrs.fr/iiif/Toulouse/315556101_MS0131/DEPOT/315556101_MS0131_0047/full/full/0/default.jpg
483,3499,"Page f. 000Av - 000B du volume France, Toulouse, Bibliothèque municipale, 0135",https://iiif.irht.cnrs.fr/iiif/Toulouse/315556101_MS0135/DEPOT/315556101_MS0135_0132/full/full/0/default.jpg
484,3510,"Page f. 111v - 112 du volume France, Toulouse, Bibliothèque municipale, 0136",https://iiif.irht.cnrs.fr/iiif/Toulouse/315556101_MS0136/DEPOT/315556101_MS0136_0115/full/full/0/default.jpg
485,3521,"Page f. 044v - 045 du volume France, Toulouse, Bibliothèque municipale, 0138",https://iiif.irht.cnrs.fr/iiif/Toulouse/315556101_MS0138/DEPOT/315556101_MS0138_0052/full/full/0/default.jpg
486,3523,"Page f. 061v - 062 du volume France, Toulouse, Bibliothèque municipale, 0138",https://iiif.irht.cnrs.fr/iiif/Toulouse/315556101_MS0138/DEPOT/315556101_MS0138_0069/full/full/0/default.jpg
487,3525,"Page f. 002v - 003 du volume France, Toulouse, Bibliothèque municipale, 0138",https://iiif.irht.cnrs.fr/iiif/Toulouse/315556101_MS0138/DEPOT/315556101_MS0138_0008/full/full/0/default.jpg
488,3536,"Page f. 163v - 164 du volume France, Toulouse, Bibliothèque municipale, 2842",https://iiif.irht.cnrs.fr/iiif/Toulouse/315556101_MS2842/DEPOT/315556101_MS2842_0169/full/full/0/default.jpg
489,3549,"Page f. 195v - 196 du volume France, Toulouse, Bibliothèque municipale, 2881",https://iiif.irht.cnrs.fr/iiif/Toulouse/315556101_MS2881/DEPOT/315556101_MS2881_0199/full/full/0/default.jpg
490,3555,"Page f. 050v - 051 du volume France, Toulouse, Bibliothèque municipale, 2882",https://iiif.irht.cnrs.fr/iiif/Toulouse/315556101_MS2882/DEPOT/315556101_MS2882_0057/full/full/0/default.jpg
491,3566,"Page f. 035v - 036 du volume France, Toulouse, Bibliothèque municipale, inc. Paris 0149",https://iiif.irht.cnrs.fr/iiif/Toulouse/315556101_INC_Paris_0149/DEPOT/315556101_INC_Paris_0149_0041/full/full/0/default.jpg
492,3593,"Page Tours, Bibl. mun., ms. 2273 A, f. 035 - vue 2 du volume France, Tours, Bibliothèque municipale, 2273 A",https://iiif.irht.cnrs.fr/iiif/Tours/B372616101/jp2/IRHT_051348_2/full/full/0/default.jpg
493,3605,"Page f. 108v - 109 du volume France, Versailles, Bibliothèque municipale, 0845 (168 G)",https://iiif.irht.cnrs.fr/iiif/Versailles/786466101_MS0845/jp2/786466101_MS0845_0117/full/full/0/default.jpg
494,3609,"Page f. 038v - 039 du volume France, Versailles, Bibliothèque municipale, 1195 (171 M)",https://iiif.irht.cnrs.fr/iiif/Versailles/786466101_MS1195/jp2/786466101_MS1195_0047/full/full/0/default.jpg
495,3610,"Page f. 006v - 007 du volume France, Versailles, Bibliothèque municipale, 1195 (171 M)",https://iiif.irht.cnrs.fr/iiif/Versailles/786466101_MS1195/jp2/786466101_MS1195_0015/full/full/0/default.jpg
496,3614,"Page f. 035v - 036 du volume France, Versailles, Bibliothèque municipale, 1399 (172 M)",https://iiif.irht.cnrs.fr/iiif/Versailles/786466101_MS1399/jp2/786466101_MS1399_0038/full/full/0/default.jpg
497,3620,"Page f. 040v - 041 du volume France, Versailles, Bibliothèque municipale, 1399 (172 M)",https://iiif.irht.cnrs.fr/iiif/Versailles/786466101_MS1399/jp2/786466101_MS1399_0043/full/full/0/default.jpg
498,3632,"Page f. 119v - 120 du volume France, Versailles, Bibliothèque municipale, 1686 (139 M)",https://iiif.irht.cnrs.fr/iiif/Versailles/786466101_MS1686/jp2/786466101_MS1686_0126/full/full/0/default.jpg
499,3642,"Page f. 036v - 037 du volume France, Versailles, Bibliothèque municipale, 1687 (140 M)",https://iiif.irht.cnrs.fr/iiif/Versailles/786466101_MS1687/jp2/786466101_MS1687_0046/full/full/0/default.jpg
500,3644,"Page f. 006v - 007 du volume France, Versailles, Bibliothèque municipale, 1687 (140 M)",https://iiif.irht.cnrs.fr/iiif/Versailles/786466101_MS1687/jp2/786466101_MS1687_0016/full/full/0/default.jpg
501,3658,"Page f. 000B - 001 du volume France, Versailles, Bibliothèque municipale, 1688 (141 M)",https://iiif.irht.cnrs.fr/iiif/Versailles/786466101_MS1688/jp2/786466101_MS1688_0007/full/full/0/default.jpg
502,3662,"Page f. du volume France, Chaumont, Bibliothèque municipale, 0034 (027)",https://iiif.irht.cnrs.fr/iiif/Chaumont/B521216201_MS0034/DEPOT/B521216201_MS0034_0041/full/full/0/default.jpg
503,3664,"Page f. du volume France, Chaumont, Bibliothèque municipale, 0034 (027)",https://iiif.irht.cnrs.fr/iiif/Chaumont/B521216201_MS0034/DEPOT/B521216201_MS0034_0087/full/full/0/default.jpg
504,3667,"Page f. du volume France, Chaumont, Bibliothèque municipale, 0034 (027)",https://iiif.irht.cnrs.fr/iiif/Chaumont/B521216201_MS0034/DEPOT/B521216201_MS0034_0012/full/full/0/default.jpg
505,3687,"Page f. du volume France, Nîmes, Bibliothèque municipale, 009",https://iiif.irht.cnrs.fr/iiif/Nimes/B301896101_MS009/DEPOT/B301896101_MS0009_0027/full/full/0/default.jpg
506,3695,"Page f. 097v - 098 du volume France, Provins, Bibliothèque municipale, 020",https://iiif.irht.cnrs.fr/iiif/Provins/773796202_MS020/DEPOT/773796202_MS0020_0101/full/full/0/default.jpg
507,3716,"Page f. 069v - 070 du volume France, Provins, Bibliothèque municipale, 023",https://iiif.irht.cnrs.fr/iiif/Provins/773796202_MS023/DEPOT/773796202_MS0023_0076/full/full/0/default.jpg
508,3725,"Page f. 066v - 067 du volume France, Provins, Bibliothèque municipale, 024",https://iiif.irht.cnrs.fr/iiif/Provins/773796202_MS024/DEPOT/773796202_MS0024_0073/full/full/0/default.jpg
509,3733,"Page plat inférieur du volume France, Reims, Bibliothèque municipale, 0359 (N. Fonds)",https://iiif.irht.cnrs.fr/iiif/Reims/B514546101_MS0359/DEPOT/B514546101_MS0359_0003/full/full/0/default.jpg
510,3739,"Page f. du volume France, Reims, Bibliothèque municipale, 2446",https://iiif.irht.cnrs.fr/iiif/Reims/B514546101_MS2446/DEPOT/B514546101_MS2446_0017/full/full/0/default.jpg
