"","Work.RecordTitle","n"
"1","A solis ortus cardine ad usque terrae limitem Christum canamus principem natum Maria virgine ; Beatu | Cantus ID 008248.1 | AH 67 | Hymn | h8",2
"2","A solis ortus cardine ad usque terrae limitem Christum canamus principem natum Maria virgine ; Beatu | Cantus ID 008248.1 | AH 67 | Hymn | h8|Maria, plena gratiae, Mater misericordiae, Tu nos ab hoste protege Et hora mortis suscipe. Rogamus t | AH 16464 | | Hymn | h742",3
"3","Ab inicio et ante secula creata sum et usque ad futurum seculum non desinam et in habitacione sancta | HORAE | Ecclesiasticus 24:14 | Short lesson | h12",77
"4","Accipe itaque, piissima ac misericordissima, quascunque exiles meritis tuis impares gratiarum action | HORAE | Hildefonsus Toletanus incertus, Sermo IX (PL 96, 272 b) | Lesson | h14",2
"5","Ad Dominum cum tribularer clamavi, et exaudivit me. Domine, libera animam meam a labiis iniquis et a | HORAE | Psalm 119 | Psalm | h16",174
"6","Ad Dominum Deum nostrum | HORAE | | Verse | h17",1
"7","Ad hanc utique descendit Sanctus Spiritus ; huic virtus obumbravit Altissimi ; ex ea potens virtutum | HORAE | Maximus Taurinensis incertus, Sermo XII (PL 57, 867 c) | Lesson | h22",1
"8","Ad nutum domini nostrum ditantis honorem sicut spina rosam genuit Judaea Mariam | Cantus ID 006024 | | Respond | h23",5
"9","Ad te clamant | HORAE | | Lesson | h26",1
"10","Ad te levavi oculos meos,qui habitas in caelis. Ecce sicut oculi servorumin manibus dominorum suorum | HORAE | Psalm 122 | Psalm | h27",212
"11","Adam vetus quod polluit Adam novus hoc abluit tumens quod ille dejecit humillimus hic erigit | Cantus ID 8257f | | Hymn | h29",1
"12","Adducentur regi | HORAE | Psalm 44:15 | Verse | h30",1
"13","Adhaesit pavimento anima mea : vivifica me secundum verbum tuum | HORAE | Psalm 118, 25 | Psalm | h33",6
"14","Adiuvet nos, quaesumus, domine, beatae Mariae semper virginis intercessio veneranda et, a cunctis pe | Corpus orationum 203 | | Oration | h1296",8
"15","Adjuva nos tuis precibus mater Christi Maria | Cantus ID 006041 | | Respond | h37",2
"16","Adjuvabit eam deus vultu suo | Cantus ID 006042 | Psalm 45:6 | Respond | h38",18
"17","Adjuvabit eam deus vultu suo | Cantus ID 007934 | Psalm 45:6 | Versicle | h39",2
"18","Adjuvabit eam deus vultu suo deus in medio ejus non commovebitur | Cantus ID 006789a | | Verse | h41",4
"19","Admitte piissima Dei genitrix preces nostras intra sacrarium tue exaudittionis et reporta nobis anti | HORAE | Fulberti Carnotensis episcopi, Sermo IX (PL 141, 338 d) | Lesson | h43",72
"20","Adsis nobis gloriosissima virgo | HORAE | | Lesson | h47",1
"21","Adsit nobis, domine, quaesumus, virtus spiritus sancti, quae et corda nostra clementer expurget et a | Corpus Orationum 218 | | Oration | h48",2
"22","Adsit nobis, quaesumus, domine, sancti tui spiritus gratia, quae, efficacissimam suae pietatis conso | Corpus orationum 221 | | Oration | h49",5
"23","Agnoscat omne saeculum venisse vitae praemium post hostis asperi jugum apparuit redemptio | Cantus ID 8257 | | Hymn | h50",1
"24","Alleluia | Cantus ID 001326 | | Antiphon | h53",29
"25","Alma redemptoris mater quae pervia caeli porta manes et stella maris succurre cadenti surgere qui cu | Cantus ID 001356 | | Antiphon | h57",7
"26","Alma virgo Maria quae genuisti Christum intercede pro nobis | Cantus ID 001357 | | Antiphon | h58",10
"27","Altior enim celo est de qua loquimur ; abysso profundior, cui laudes dicere conamur | HORAE | Auctor incertus, ""Sermo Autberti presbyteri de Assumptione sanctae Mariae"" (PL 89, 1277 a) | Lesson | h64",1
"28","Angelus domini nuntiavit Mariae et concepit de spiritu sancto alleluia | Cantus ID 001414 | Luke 1:30 | Antiphon | h69",1
"29","Ante thronum trinitatis miserorum miserata pia mater pietatis sis pro nobis advocata quae super poen | Cantus ID 206263 | | Antiphon | h77",1
"30","Ante torum huius virginis frequentate nobis dulcia cantica dragmatis | Cantus ID 001438 | | Antiphon | h78",26
"31","Antequam convenirent inventa est Maria habens in utero de spiritu sancto alleluia | Cantus ID 001440 | Matthew 1:18 | Antiphon | h79",1
"32","Apparuit benignitas et humanitas | HORAE | Titus 3:4 | Short lesson | h80",1
"33","Appropinquaverunt persequentes me iniquitati : a lege autem tua longe facti sunt | HORAE | Psalm 118, 150 | Psalm | h81",2
"34","Appropinquet deprecatio mea in conspectu tuo, Domine ; juxta eloquium tuum da mihi intellectum | HORAE | Psalm 118, 169 | Psalm | h82",2
"35","Assumpta est Maria in caelum gaudent angeli | Cantus ID 800030 | | Versicle | h4427",1
"36","Assumpta est Maria in caelum, gaudent angeli, laudantes benedicunt Dominum | Cantus ID 001503 | | Antiphon | h87",55
"37","Audi filia et vide et inclina aurem tuam | Cantus ID 007955 | Psalm 44:11 | Versicle | h88",5
"38","Audi filia et vide et inclina aurem tuam et obliviscere populum tuum et domum patris tui benedicunt | Cantus ID 007441a | | Verse | h1304",1
"39","Audi filia et vide et inclina aurem tuam et obliviscere populum tuum et domum patris tui et concupis | Cantus ID 006142 | Psalm 44:11 | Respond | h89",2
"40","Audi virgo glorifica post filium spes unica clemens et imperiosa nostra dele maculosa acceptans nost | Cantus ID 200414 | | Antiphon | h91",1
"41","Ave decus virgineum ave jubar aethereum nobis praesens sollemnitas da sit perpes jucunditas tua namq | Cantus ID 200449 | | Antiphon | h96",1
"42","Ave festiva ferculi Salomonis conviva regis aurea transcendens trinclinia pro agni occisione mater p | Cantus ID 600178 | | Respond | h98",3
"43","Ave gloriosa dei genetrix | Cantus ID 200455 | | Antiphon | h99",1
"44","Ave magnifica misericordiae | Cantus ID 200457 | | Antiphon | h100",1
"45","Ave Maria gratia plena dominus tecum | Cantus ID 006103a | | Verse | h102",24
"46","Ave Maria gratia plena dominus tecum | Cantus ID 006155 | Luke 1:28 | Respond | h104",68
"47","Ave Maria gratia plena dominus tecum | Cantus ID 007958 | Luke 1:28 | Versicle | h103",5
"48","Ave Maria gratia plena dominus tecum benedicta tu in mulieribus | Cantus ID 001042 | Luke 1:28 | Invitatory | h105",91
"49","Ave Maria gratia plena Dominus tecum benedicta tu in mulieribus | HORAE | Luke 1:28 | Lesson | h106",2
"50","Ave Maria gratia plena Dominus tecum benedicta tu in mulieribus | HORAE | Luke 1:28 | Short lesson | h107",4
"51","Ave Maria gratia plena dominus tecum benedicta tu in mulieribus alleluia | Cantus ID 001539 | Luke 1:28 | Antiphon | h108",21
"52","Ave Maria gratia plena dominus tecum spiritus sanctus superveniet in te et virtus altissimi obumbrab | Cantus ID 006157 | Luke 1:28 | Respond | h109",1
"53","Ave Maria gratia plena, Dominus tecum. Genuisti qui te fecit, et in aeternum permanes virgo. | Cantus ID 006163a | Luke 1:28 | Verse | h110",4
"54","Ave maris stella dei mater alma atque semper virgo felix caeli porta ; Sumens illud ave Gabrielis or | Cantus ID 8272.1 | Venantius Fortunatus, Miscellanea (PL 88, 265 d - 266 b) | Hymn | h112",215
"55","Ave maris stella, Dei mater alma, atque semper virgo, felix coeli porta. Sumens illud ave Gabrielis | HORAE | Venantius Fortunatus, Miscellanea (PL 88, 265 d - 266 b) | Short lesson | h113",1
"56","Ave mirabilis stella maris cujus infans in lacte matris minoratus ab angelis te humilem ancillam fac | Cantus ID 200459 | | Antiphon | h115",1
"57","Ave mundi mediatrix | HORAE | | Antiphon | h116",1
"58","Ave o theotokos virgo Maria quae trina mundi regentem machinam filium protulisti hinc rite exaltata | Cantus ID 001540 | | Antiphon | h117",1
"59","Ave regina caelorum ave domina angelorum salve radix sancta ex qua mundo lux est orta virgo gloriosa | Cantus ID 001542 | | Antiphon | h118",9
"60","Ave spes nostra Dei genitrix | HORAE | Cantus ID 001546 | Lesson | h121",1
"61","Ave sponsa celestis | HORAE | | Antiphon | h122",1
"62","Beata dei genetrix Maria cujus viscera intacta permanent hodie genuit salvatorem saeculi | Cantus ID 006162 | | Respond | h130",1
"63","Beata Dei genitrix Maria, virgo perpetua, templum Domini, sacrarium spiritus sancti: sola sine exemp | Cantus ID 001563 | | Antiphon | h131",33
"64","Beata dei genitrix nitor ; Maria decus hominum regis ; Maria templum domini dei ; | Cantus ID a02170 | | Hymn | h132",4
"65","Beata Dei genitrix, nitor humani generis, per quam de servis liberi lucisque sumus filii. Fac tuum n | AH 3958 | | Hymn | h133",1
"66","Beata es Maria quae credidisti perficientur in te quae dicta sunt tibi a domino alleluia | Cantus ID 001565 | | Antiphon | h134",3
"67","Beata es Maria quae dominum portasti creatorem saeculorum genuisti qui te fecit et in aeternum perma | Cantus ID 006163 | Luke 1:28 | Respond | h136",74
"68","Beata es Maria quae dominum portasti creatorem saeculorum genuisti qui te fecit et in aeternum perma | HORAE | Cantus ID 006163 | Short lesson | h135",150
"69","Beata es mater | HORAE | | Short lesson | h137",1
"70","Beata es virgo Maria dei genetrix quae credidisti domino perfecta sunt in te quae dicta sunt tibi a | Cantus ID 001566 | | Antiphon | h138",1
"71","Beata es virgo Maria dei genetrix quae credidisti domino perfecta sunt in te quae dicta sunt tibi ec | Cantus ID 006165 | | Respond | h139",81
"72","Beata es virgo Maria Dei genitrix quae credidisti Dominum | HORAE | Gregorius I, Liber responsalis (PL 78, 798 c) | Lesson | h140",1
"73","Beata es virgo Maria quae dominum portasti creatorem mundi genuisti qui te fecit et in aeternum perm | HORAE | | Verse | h12345",1
"74","Beata es, Maria, Virgo dulcis et pia, Candore vincens lilia, Es rosa sine spina, Sanctorum melodia. | AH 3962 | | Hymn | h141",1
"75","Beata mater et innupta Virgo gloriosa regina mundi | HORAE | Gregorius I, Liber responsalis (PL 78, 736 a) | Short lesson | h142",2
"76","Beata mater et innupta virgo gloriosa regina mundi intercede pro nobis ad dominum | Cantus ID 001570 | | Antiphon | h1295",118
"77","Beata mater et intacta virgo gloriosa regina mundi, intercede pro nobis ad Dominum | Cantus ID 001570 | | Antiphon | h143",5
"78","Beata progenies ex qua | HORAE | | Antiphon | h146",3
"79","Beata progenies unde Christus natus est o quam gloriosa est virgo quae caeli regem genuit | Cantus ID 006169 | | Respond | h144",2
"80","Beata progenies unde Christus natus est quam gloriosa est virgo quae caeli regem genuit | Cantus ID 001572 | | Antiphon | h145",1
"81","Beata virgo virginum | HORAE | | Hymn | h147",1
"82","Beatae et gloriosae dei genitricis semper que virginis Mariae intercessionibus quaesumus, omnipotens | Corpus orationum 392 | | Oration | h148",1
"83","Beatae et gloriosae semper que virginis dei genitricis Mariae, quaesumus, omnipotens deus, intercess | Corpus Orationum 393 | | Oration | h149",13
"84","Beatae et gloriosae semper que virginis dei genitricis Mariae, quaesumus, omnipotens deus, intercess | Corpus Orationum 393 | | Oration | h149|Mentes nostras, quaesumus, domine, paraclitus, qui a te procedit, illuminet et inducat in omnem, sic | Corpus Orationum 3333b | | Oration | h755",1
"85","Beatae et gloriosae semperque virginis Dei genitricis Mariae nos, Domine, quaesumus, merita prosequa | Conc. 255 | PL 74 (1160D) | Oration | h12340",2
"86","Beatam me dicent | HORAE | Luke 1:48 | Short lesson | h150",5
"87","Beatam me dicent omnes generationes quia ancillam humilem respexit deus | Cantus ID 001574 | Luke 1:48 | Antiphon | h151",16
"88","Beatam me dicent omnes generationes quia fecit mihi dominus magna quia potens est et sanctum nomen e | Cantus ID 006172 | | Respond | h152",1
"89","Beati evangelistae Iohannis, domine, precibus adiuvemur, ut, quod possibilitas nostra non obtinet, e | Corpus Orationum 413 | | Oration | h4440",1
"90","Beati immaculati in via, qui ambulant in lege Domini. | HORAE | Psalm 118, 1 | Psalm | h160",32
"91","Beati Iohannis evangelistae, quaesumus, domine, supplicatione placatus, et veniam nobis tribue et re | Corpus Orationum 424 | | Oration | h161",1
"92","Beati omnes qui timent Dominum,qui ambulant in viis ejus. Labores manuum tuarum quia manducabis :bea | HORAE | Psalm 127 | Psalm | h163",170
"93","Beatus venter qui te portavit Christe et beata ubera quae te lactaverunt dominum et salvatorem mundi | Cantus ID 001668 | | Antiphon | h167",4
"94","Beatus vir qui non abiit in consilio impiorum, et in via peccatorum non stetit, et in cathedra pesti | HORAE | Psalm 1 | Psalm | h168",56
"95","Benedicite omnia opera domini domino laudate et superexaltate eum in saecula benedicite caeli domino | Cantus ID 920249 | Daniel 3:57 | Canticle | h172",137
"96","Benedicta es et venerabilis virgo cujus viscera merverunt portare dominum | Cantus ID 006165c | | Verse | h1305",1
"97","Benedicta es Maria laus nostra spes et domina te collaudat colit tremit trina mundi machina in tua c | Cantus ID 200635 | | Antiphon | h173",1
"98","Benedicta et venerabilis es virgo Maria quae sine tactu pudoris inventa es Mater Salvatoris | HORAE | Incertus 151, Excerpta ex liturgicis codicibus Fontavellanensibus (PL 151, 910 a) | Short lesson | h174",8
"99","Benedicta et venerabilis virgo Maria cujus viscera meruerunt portare dominum Christum | Cantus ID 006243 | | Respond | h175",1
"100","Benedicta filia tu a domino quia per te fructum vitae communicavimus | Cantus ID 001705 | Judith 13:23 | Antiphon | h176",26
"101","Benedicta tu in mulieribus | Cantus ID 006155za | Luke 1:42 | Verse | h177",26
"102","Benedicta tu in mulieribus | Cantus ID 007958 | Luke 1:28 | Response | h178",1
"103","Benedicta tu in mulieribus | Cantus ID 007971 | Luke 1:42 | Versicle | h179",18
"104","Benedicta tu in mulieribus et benedictus fructus ventris tui | Cantus ID 001709 | Luke 1:42 | Antiphon | h181",192
"105","Benedicta tu in mulieribus et benedictus fructus ventris tui | Cantus ID 006243a | | Verse | h182",52
"106","Benedicta tu in mulieribus et benedictus fructus ventris tui | Cantus ID 006244 | | Respond | h183",1
"107","Benedicta tu in mulieribus. | Cantus ID a01429 | Luke 1:42 | Respond | h184",13
"108","Benedixisti, Domine, terram tuam ;avertisti captivitatem Jacob. Remisisti iniquitatem plebis tuae ;o | HORAE | Psalm 84 | Psalm | h188",17
"109","Bonitatem fecisti cum servo tuo, Domine, secundum verbum tuum | HORAE | Psalm 118, 65 | Psalm | h189",9
"110","Caeli enarrant gloriam Dei,et opera manuum ejus annuntiat firmamentum. Dies diei eructat verbum,et n | HORAE | Psalm 18 | Psalm | h190",178
"111","Caeli regina laetare alleluia quia quem meruisti portare alleluia resurrexit sicut dixit alleluia or | Cantus ID 004597.1 | | Antiphon | h191",1
"112","Candida virginitas paradisi cara colonis hortus conclusus florenti cespite vernans cui merito mundus | Cantus ID 006262 | | Respond | h192",4
"113","Cantate Domino canticum novum ;cantate Domino omnis terra. Cantate Domino, et benedicite nomini ejus | HORAE | Psalm 95 | Psalm | h193",13
"114","Cantate Domino canticum novum ;laus ejus in ecclesia sanctorum. Laetetur Israël in eo qui fecit eum, | HORAE | Psalm 149 | Psalm | h194",75
"115","Cantate Domino canticum novum,quia mirabilia fecit.Salvavit sibi dextera ejus,et brachium sanctum ej | HORAE | Psalm 97 | Psalm | h195",14
"116","Cecos cordium oculos terge atque semitas iusticie nobis ostende orando a nobis uicia subtrahe ante s | HORAE | Anselmus, Cantuariensis archiepiscopus, Oratio LV (PL 158, 961 c-d) | Lesson | h198",6
"117","Christe fili dei vivi miserere nobis | Cantus ID 006276 | | Respond | h201",9
"118","Christe sanctorum decus angelorum gentis humanae sator et redemptor caelitum nobis tribuas beatas sc | Cantus ID a01594 | | Hymn | h204",1
"119","Christi mater ave | HORAE | | Respond | h206",2
"120","Christi virgo dilectissima | HORAE | | Versicle | h1310",7
"121","Christi virgo dilectissima virtutum operatrix opem fer miseris subveni domina clamantibus ad te jugi | Cantus ID 006278 | | Respond | h207",8
"122","Clamantium ad te, quaesumus, domine, preces dignanter exaudi et, sicut Ninivitis, in afflictione pos | Corpus Orationum 628 | | Oration | h1320",4
"123","Clamavi in toto corde meo : exaudi me, Domine ; justificationes tuas requiram | HORAE | Psalm 118, 145 | Psalm | h211",10
"124","Completi sunt dies Mariae ut pareret filium suum primogenitum | Cantus ID 001862 | Luke 2:6-7 | Antiphon | h216",26
"125","Concede misericors Deus fragilitati nostrae praesidium: ut qui sanctae Dei genitricis memoriam agi m | Conc. 430 | | Oration | h217",19
"126","Concede nos famulos tuos, quaesumus, domine deus, perpetua mentis et corporis sanitate gaudere et gl | Corpus Orationum 706 ; BU FinalPrayer 80 | | Oration | h218",44
"127","Concede nos famulos tuos, quaesumus, domine deus, perpetua mentis et corporis sanitate gaudere et gl | Corpus Orationum 706 ; BU FinalPrayer 80 | | Oration | h218|Deus, qui hodierna die corda fidelium sancti spiritus illustratione docuisti, da nobis in eodem spir | Corpus Orationum 1666 | | Oration | h324",1
"128","Concede quesumus omnipotens et misericors Deus fragilitati nostre presidium, ut qui, sancte Dei geni | HORAE | | Oration | h220",9
"129","Concede, misericors deus, fragilitati nostrae praesidium, ut, qui sanctae dei genitricis requiem cel | Corpus Orationum 663 | | Oration | h221",1
"130","Concede, quaesumus, omnipotens deus, ad beatae Mariae semper virginis gaudia aeterna pertingere, de | Corpus Orationum 728b | | Oration | h1321",3
"131","Concede, quaesumus, omnipotens et misericors deus, ut sancta virgo virginum Maria omnes que ordines | Corpus orationum 784 | | Oration | h223",1
"132","Confitebor tibi, Domine, in toto corde meo,quoniam audisti verba oris mei.In conspectu angelorum psa | HORAE | Psalm 137 | Psalm | h226",3
"133","Confitemini Domino, quoniam bonus,quoniam in saeculum misericordia ejus. Dicat nunc Israël : Quoniam | HORAE | Psalm 117 | Psalm | h227",62
"134","Cujus cunctorum laus promitur ore piorum | Cantus ID 602209a | | Verse | h1306",1
"135","Cum autem venit plenitudo temporis, misit Deus Filium suum factum ex muliere, factum sub lege | HORAE | Galatians 4:4 | Short lesson | h243",1
"136","Cum invocarem exaudivit me Deus justitiae meae,in tribulatione dilatasti mihi.Miserere mei, et exaud | HORAE | Psalm 4 | Psalm | h244",19
"137","Cum jocunditate exibitis et cum gaudio deducemini nam et montes et colles exilient expectantes vos c | Cantus ID a01516 | Isaiah 55:12 | Respond | h245",2
"138","Cum jucunditate nativitatem beatae Mariae celebremus ut ipsa pro nobis intercedat ad dominum Jesum C | Cantus ID 002016 | | Antiphon | h247",90
"139","Da mihi virtutem contra hostes tuos | Cantus ID 006447za ; Cantus ID 600574a | | Verse | h252",22
"140","Da mihi virtutum contra hostes tuos | Cantus ID 008015 | | Response | h1328",2
"141","Da, quaesumus, domine, fidelibus populis sanctorum tuorum semper veneratione laetari et eorum perpet | Corpus Orationum 976 | | Oration | h1322",1
"142","Da, quaesumus, ecclesiae tuae, misericors deus, ut, sancto spiritu congregata, hostili nullatenus in | Corpus Orationum 1001 | | Oration | h1323",1
"143","De casta nobis oriens matre, dies indesinens, iugi nos fove lumine culpaeque noctem remove. Mater di | AH 6762 | | Hymn | h259",1
"144","De fructu ventris tui ponam super sedem meam | Cantus ID 002106 | Psalm 131:11 | Antiphon | h262",1
"145","De profundis clamavi ad te, Domine ; Domine, exaudi vocem meam.Fiant aures tuae intendentes in vocem | HORAE | Psalm 129 | Psalm | h264",65
"146","Defecit in salutare tuum anima mea, et in verbum tuum supersperavi | HORAE | Psalm 118, 81 | Psalm | h268",13
"147","Dei genetrix intercede pro nobis | Cantus ID 008169 ; BU VersResp 86 | | Response | h269",9
"148","Dei genetrix virgo semper Maria intercede pro nobis deprecamur | Cantus ID 002142 | | Antiphon | h270",3
"149","Dei genitrix intercede pro nobis. | Cantus ID 007400a | | Verse | h271",59
"150","Dele virgo prudentissima | HORAE | | Lesson | h272",1
"151","Deus autem patiencie | HORAE | Romans 15:5 | Short lesson | h278",2
"152","Deus in medio ejus non commovebitur | Cantus ID 006042a | Psalm 45:6 | Verse | h285",12
"153","Deus misereatur nostri, et benedicat nobis ;illuminet vultum suum super nos, et misereatur nostri :  | HORAE | Psalm 66 | Psalm | h289",108
"154","Deus noster refugium et virtus ;adjutor in tribulationibus quae invenerunt nos nimis. Propterea non | HORAE | Psalm 45 | Psalm | h290",14
"155","Deus, Deus meus, ad te de luce vigilo.Sitivit in te anima mea ; quam multipliciter tibi caro mea ! I | HORAE | Psalm 62 | Psalm | h307",137
"156","Deus, in nomine tuo salvum me fac,et in virtute tua judica me. Deus, exaudi orationem meam ;auribus | HORAE | Psalm 53 | Psalm | h309",106
"157","Deus, qui apostolis tuis sanctum dedisti spiritum, concede plebi tuae petitionis effectum, ut, quibu | Corpus Orationum 1359 | | Oration | h311",6
"158","Deus, qui de beatae Mariae virginis utero verbum tuum, angelo nuntiante, carnem suscipere voluisti, | Corpus Orationum 1518 | | Oration | h322",19
"159","Deus, qui dedisti legem Moysi in summitate montis Sinai et in eodem loco per angelos tuos corpus bea | Corpus Orationum 1521 | | Oration | h323",1
"160","Deus, qui hodierna die corda fidelium sancti spiritus illustratione docuisti, da nobis in eodem spir | Corpus Orationum 1666 | | Oration | h324",12
"161","Deus, qui hodierna die verbum tuum beatae virginis alvo coadunare voluisti, fac nos ita peragere, ut | Corpus Orationum 1675 | | Oration | h1354",2
"162","Deus, qui per os beati apostoli tui Iohannis evangelistae Verbi tui nobis arcana reserasti, praesta, | Corpus Orationum 1981 | | Oration | h4466",2
"163","Deus, qui salutis aeternae beatae Mariae virginitate fecunda humano generi praemia praestitisti, tri | Corpus Orationum 2113b | | Oration | h331",15
"164","Deus, qui virginalem aulam beatae Mariae, in qua habitares, eligere dignatus es, da, quaesumus, ut, | Corpus Orationum 2167 | | Oration | h333",10
"165","Diffusa est gratia in labiis tuis | Cantus ID 006445 | Psalm 44:3 | Respond | h338",21
"166","Diffusa est gratia in labiis tuis | Cantus ID 006450c | Psalm 44:3 | Verse | h340",6
"167","Diffusa est gratia in labiis tuis | Cantus ID 008014 ; BU VersResp 251 | Psalm 44:3 | Versicle | h339",5
"168","Diffusa est gratia in labiis tuis propterea benedixit te deus in aeternum | Cantus ID 002216 | Psalm 44:3 | Antiphon | h341",1
"169","Diffusa est gratia in labiis tuis propterea benedixit te deus in aeternum | Cantus ID 006446 | Psalm 44:3 | Respond | h342",3
"170","Dignare me | HORAE | | Verse | h343",13
"171","Dignare me laudare te virgo sacra | Cantus ID 006447 | | Respond | h345",2
"172","Dignare me laudare te virgo sacrata | Cantus ID 008015 | | Versicle | h1311",2
"173","Dignare me laudare te virgo sacrata alleluia alleluia | Cantus ID 600574 | | Respond | h346",25
"174","Dignare me laudare te virgo sacrata da mihi virtutem contra hostes tuos | Cantus ID 002217 | | Antiphon | h347",40
"175","Dignum namque est ut ei cum summa devotione famulemur per quam nobis virginitatis insignia pullularu | Cantus ID 002220 | | Antiphon | h348",1
"176","Dilecte mi apprehendam te et ducam te in domum matris meae et in cubiculum genetricis meae ibi me do | Cantus ID 002224 | Song of songs 8:2 - 3:4 | Antiphon | h349|Maria virgo semper laetare quae meruisti Christum portare caeli et terrae conditorem quia de tuo ute | Cantus ID 003708 | | Antiphon | h738|Hortus conclusus es dei genetrix hortus conclusus es et fons signatus surge amica mea quam pulchra e | Cantus ID 003136 | | Antiphon | h599",1
"177","Dilectus meus loquitur | HORAE | Song of songs 2:10 | Short lesson | h350",3
"178","Dilectus meus ordinavit in me | HORAE | Song of songs 2:4 | Short lesson | h351",1
"179","Divinitatis atque humanitatis | HORAE | | Lesson | h358",1
"180","Dixit autem maria ad angelum | HORAE | Luke 1:34-38 | Lesson | h359",1
"181","Dixit Dominus Domino meo :Sede a dextris meis,donec ponam inimicos tuos scabellum pedum tuorum. Virg | HORAE | Psalm 109 | Psalm | h360",149
"182","Domine Jesu Christe fili Dei viui, pone passionem, crucem et mortem tuam inter iudicium tuum et anim | HORAE | | Oration | h367",1
"183","Domine miserere nostri te enim exspectavimus ; esto brachium nostrum in mane, et salus nostra in tem | HORAE | Isaiah 33:2 | Short lesson | h370",1
"184","Domine, Dominus noster,quam admirabile est nomen tuum in universa terra !quoniam elevata est magnifi | HORAE | Psalm 8 | Psalm | h378",190
"185","Domine, ne in furore tuo arguas me,neque in ira tua corripias me : quoniam sagittae tuae infixae sun | HORAE | Psalm 37 | Psalm | h382",1
"186","Domine, ne in furore tuo arguas me,neque in ira tua corripias me. Miserere mei, Domine, quoniam infi | HORAE | Psalm 6 | Psalm | h383",4
"187","Domine, non est exaltatum cor meum,neque elati sunt oculi mei,neque ambulavi in magnis,neque in mira | HORAE | Psalm 130 | Psalm | h384",157
"188","Domine, quid multiplicati sunt qui tribulant me ?Multi insurgunt adversum me ; multi dicunt animae m | HORAE | Psalm 3 | Psalm | h385",10
"189","Domine, quis habitabit in tabernaculo tuo ?aut quis requiescet in monte sancto tuo ? Qui ingreditur | HORAE | Psalm 14 | Psalm | h386",5
"190","Domini est terra, et plenitudo ejus ;orbis terrarum, et universi qui habitant in eo. Quia ipse super | HORAE | Psalm 23 | Psalm | h387",176
"191","Dominus possedit me in initio viarum suarum antequam quidquam faceret a principio | HORAE | Proverbs 8:22 | Short lesson | h391",1
"192","Dominus regnavit : exsultet terra ;laetentur insulae multae. Nubes et caligo in circuitu ejus ;justi | HORAE | Psalm 96 | Psalm | h393",13
"193","Dominus regnavit : irascantur populi ;qui sedet super cherubim : moveatur terra. Dominus in Sion mag | HORAE | Psalm 98 | Psalm | h394",8
"194","Dominus regnavit, decorem indutus est :indutus est Dominus fortitudinem, et praecinxit se.Etenim fir | HORAE | Psalm 92 | Psalm | h395",200
"195","Dominus tecum | Cantus ID a01428a | Luke 1:28 | Verse | h397",3
"196","Domus pudici pectoris templum repente fit dei intacta nesciens virum concepit alvo filium | Cantus ID 8248.1 | AH 65 | Hymn | h398",1
"197","Dum esset rex in accubitu suo nardus mea dedit odorem suavitatis | Cantus ID 002450 | Song of songs 1:11 | Antiphon | h401",3
"198","Ecce ancilla domini | Cantus ID 800126 | Luke 1:38 | Versicle | h405",30
"199","Ecce ancilla domini fiat mihi secundum verbum tuum | Cantus ID 002491 | Luke 1:38 | Antiphon | h406",6
"200","Ecce completa sunt omnia | HORAE | Luke 1:45 | Short lesson | h409",1
"201","Ecce completa sunt omnia quae dicta sunt per angelum de virgine Maria | Cantus ID 002498 | Luke 1:45 | Antiphon | h410",60
"202","Ecce concipies et paries filium et vocabis nomen ejus Jesum hic erit magnus et filius altissimi voca | Cantus ID 002499 | Luke 1:31 | Antiphon | h411",1
"203","Ecce Maria genuit nobis salvatorem quem Joannes videns exclamavit dicens ecce agnus dei ecce qui tol | Cantus ID 002523 | John 1:29 | Antiphon | h414",48
"204","Ecce nunc benedicite Dominum, omnes servi Domini :qui statis in domo Domini,in atriis domus Dei nost | HORAE | Psalm 133 | Psalm | h415",56
"205","Ecce quam bonum et quam jucundum,habitare fratres in unum ! Sicut unguentum in capite,quod descendit | HORAE | Psalm 132 | Psalm | h416",46
"206","Ecce tu pulchra es amica mea | HORAE | Song of songs 1:14 | Short lesson | h417",5
"207","Ecce tu pulchra es amica mea ecce tu pulchra oculi tui columbarum | Cantus ID 002547 | Song of songs 1:14 | Antiphon | h418",30
"208","Ecce tu pulcra es | HORAE | Song of songs 1:14 | Lesson | h419",1
"209","Ecce virgo concipiet et pariet filium dicit dominus et vocabitur nomen ejus admirabilis deus fortis | Cantus ID 006620 | Isaiah 7:14 - Mt 1:23 | Respond | h420",1
"210","Ecce virgo concipiet et pariet filium et vocabitur nomen eius Emmanuel. Butyrum et mel comedet, ut s | HORAE | Isaiah 7:14-15 | Short lesson | h421",25
"211","Ecce virgo concipiet et pariet filium et vocabitur nomen ejus Emmanuel | Cantus ID 002557 | Matthew 1:23 | Antiphon | h422",1
"212","Ecclesia de suis | HORAE | | Lesson | h423",1
"213","Ecclesiam tuam, domine, benignus illustra, ut, beati Iohannis evangelistae illuminata doctrinis, ad | Corpus Orationum 2416c | | Oration | h424",8
"214","Ego diligentes me diligo, et qui mane vigilant ad me, invenient me | HORAE | Proverbs 8:17 | Short lesson | h427",1
"215","Ego ex ore altissimi prodivi | HORAE | Ecclesiasticus 24:5 | Short lesson | h429",1
"216","Ego flos campi | HORAE | Song of songs 2:1 | Short lesson | h430",28
"217","Ego mater pulcre dilectionnis et timoris et magnitudinis et sancte spei | HORAE | Ecclesiasticus 24:24 | Short lesson | h431",35
"218","Ego quasi terebinthus | HORAE | Ecclesiasticus 24:22 | Lesson | h1302",1
"219","Ego quasi terebinthus | HORAE | Ecclesiasticus 24:22 | Short lesson | h432",1
"220","Ego quasi vitis | HORAE | Ecclesiasticus 24:23 | Short lesson | h433",88
"221","Ego sapientia effudi flumina | HORAE | Ecclesiasticus 24:40 | Short lesson | h434",6
"222","Ego sum genus et radix | HORAE | Revelation 22:16 | Short lesson | h435",1
"223","Egredietur virga radice iesse et flos de radice eius ascendet. Et requiescet super eum spiritus Domi | HORAE | Isaiah 11:1-2 | Short lesson | h438",5
"224","Elegit eam deus et praeelegit | Cantus ID 006760zd | | Verse | h441",1
"225","Elegit eam deus et praeelegit eam | Cantus ID 008046 | | Versicle | h442",32
"226","Elegit eam deus et praeelegit eam alleluia alleluia | Cantus ID 600764 | | Respond | h443",23
"227","Emenda mores | HORAE | | Lesson | h444",4
"228","Emissiones tuae paradisus malorum punicorum cum pomorum fructibus | Cantus ID 002641 | Song of songs 4:13 | Antiphon | h445",6
"229","Emulor enim vos dei | HORAE | 2 Corinthians 11:2 | Short lesson | h447",2
"230","Enixa est puerpera quem Gabriel praedixerat quem matris alvo gestiens clausus Joannes senserat | Cantus ID 8248d | AH 67 | Hymn | h449",4
"231","Enixa est puerpera quem Gabriel praedixerat quem matris alvo gestiens clausus Joannes senserat | Cantus ID 8248d | AH 67 | Hymn | h449|Maria, plena gratiae, Mater misericordiae, Tu nos ab hoste protege Et hora mortis suscipe. Rogamus t | AH 16464 | | Hymn | h742",1
"232","Ergo quando nata es in die ortus tui non est praecisus umbilicus tuus, et aqua non es lota in salute | HORAE | Ezekiel 16:4 | Lesson | h451",2
"233","Eructavit cor meum verbum bonum :dico ego opera mea regi.Lingua mea calamus scribaevelociter scriben | HORAE | Psalm 44 | Psalm | h452",16
"234","Estus quippe Christus | HORAE | | Lesson | h458",1
"235","Et benedictus fructus ventris tui | Cantus ID 007971 | Luke 1:42 | Response | h461",4
"236","Et benedictus fructus ventris tui | Cantus ID a01429a | Luke 1:42 | Verse | h462",6
"237","Et dixit michi in iacob inhabita, et in Israel haereditare, et in electis meis mitte radices | HORAE | Ecclesiasticus 24:13 | Short lesson | h470",1
"238","Et dixit mihi Dominus | HORAE | | Short lesson | h471",1
"239","Et habitare eam facit | Cantus ID 008046 | Psalm 112:9 | Response | h475",5
"240","Et habitare eam facit in tabernaculo suo | Cantus ID 600764b | Psalm 112:9 | Verse | h476",16
"241","Et impetratam nobis | HORAE | | Response | h1329",3
"242","Et impetratam nobis caelitus tu defer indulgentiam | Cantus ID 007579a | | Verse | h477",9
"243","Et in laude | HORAE | | Verse | h480",1
"244","Et in tabernaculo suo habitare eam fecit | Cantus ID 600764c | | Verse | h481",5
"245","Et omni | HORAE | | Verse | h483",1
"246","Et sic in Sion firmata sum et in civitate sanctificata similiter requievi et in Ierusalem potestas m | HORAE | Ecclesiasticus 24, 15-16 | Lesson | h1299",27
"247","Et sic in Sion firmata sum et in civitate sanctificata similiter requievi et in Ierusalem potestas m | HORAE | Ecclesiasticus 24:15-16 | Short lesson | h488",93
"248","Et unde hoc mihi, ut veniat mater Domini mei ad me | HORAE | Luke 1:43 | Lesson | h490",1
"249","Et veniat super me misericordia tua, Domine ; salutare tuum secundum eloquium tuum | HORAE | Psalm 118, 41 | Psalm | h491",3
"250","Et virtus altissimi | Cantus ID a00414 | | Response | h1330",1
"251","Eterni regis genitrix | HORAE | | Hymn | h493",1
"252","Ex carne Eve dicuntur filii hominum ; ex beatae Mariae filio renati non dicuntur filii hominum, sed | HORAE | Hildefonsus Toletanus incertus, Sermo IX (PL 96, 280 b) | Lesson | h498",2
"253","Ex duabus siquidem naturis sine confusione alterius, nonnisi unus invenitur Jesus Dominus manens Deu | HORAE | Hieronymis Stridonensis incertus, Epistolae (PL 30, 131 c) | Lesson | h499",1
"254","Ex te Maria virgo processit deus et homo lapis abscissus est de te Christus virgine sanctus quem pro | Cantus ID 002752 | | Antiphon | h501",1
"255","Exaltata es sancta dei genetrix | Cantus ID 008063 | | Versicle | h1312",7
"256","Exaltata es sancta dei genetrix | Cantus ID 600817 | | Respond | h12343",1
"257","Exaltata es sancta dei genetrix super choros angelorum ad caelestia regna | Cantus ID 002762 | | Antiphon | h503",8
"258","Exaltata es sancta dei genitrix | HORAE | | Short lesson | h505",1
"259","Exaltata est gloriosa semper virgo Maria super choros angelorum venite omnes magnificemus Christum r | Cantus ID 002763 | | Antiphon | h506",1
"260","Exaltata est sancta dei | Cantus ID 006131za | | Verse | h1307",1
"261","Exaltata est virgo Maria super choros angelorum gaudeant omnes fideles et benedicant dominum | Cantus ID 006684 | | Respond | h507",3
"262","Exaltate regem regum et hymnum dicite deo alleluia | Cantus ID 002764 | | Antiphon | h508",1
"263","Exultet et letatur | HORAE | | Lesson | h519",2
"264","Exurge Domine | HORAE | | Verse | h520",1
"265","Exurge domine adiuva nos | BU VersResp 99 | | Versicle | h1875",1
"266","Exurgens Maria | HORAE | | Lesson | h522",1
"267","Fac nos quaesumus domine deus beatae Mariae | HORAE | | Oration | h1346",2
"268","Famulorum tuorum, domine, delictis ignosce, ut, qui placere de actibus nostris non valemus, genitric | Corpus Orationum 2649 | | Oration | h523",30
"269","Famulorum tuorum, domine, delictis ignosce, ut, qui placere de actibus nostris non valemus, genitric | Corpus Orationum 2649 | | Oration | h523|Mentibus nostris, domine, spiritum sanctum benignus infunde, cuius et sapientia conditi sumus et pro | Corpus Orationum 3340 | | Oration | h756",1
"270","Favus distillans | HORAE | Song of songs 4:11 | Short lesson | h524",2
"271","Favus distillans labia tua sponsa et odor vestimentorum tuorum sicut odor thuris | Cantus ID 002855 | Song of songs 4:11 | Antiphon | h525",16
"272","Feci judicium et justitiam : non tradas me calumniantibus me | HORAE | Psalm 118, 121 | Psalm | h526",3
"273","Felix namque | HORAE | | Versicle | h1313",1
"274","Felix namque es sacra virgo et omni laude dignissima quia ex te ortus est sol justitiae Christus deu | Cantus ID 002861 | | Antiphon | h528",1
"275","Felix namque es sacra virgo Maria et omni laude dignissima quia ex te ortus est sol justitiae Christ | Cantus ID 006725 | Malachi 4:2 | Respond | h529",133
"276","Felix namque es sacra virgo Maria et omni laude dignissima, quia ex te ortus est sol iusticie, Chris | HORAE | Cantus ID 002861 | Short lesson | h530",49
"277","Felix valde es | HORAE | Cantus ID 600873 | Short lesson | h531",2
"278","Felix valde es sacra virgo | Cantus ID 600873 | | Respond | h532",8
"279","Fiat mihi secundum verbum tuum | HORAE | Luke 1:38 | Response | h533",7
"280","Fili Mariae virginis, da nobis eius meritis a peccato resurgere et ad vitam pertingere. Cuius es fac | AH 9629 | | Hymn | h536",2
"281","Fit porta Christi pervia omni referta gratia transitque rex et permanet clausa ut fuit per saecula | Cantus ID 8305c | | Hymn | h541",21
"282","Flos mundi | HORAE | | Lesson | h542",2
"283","Fons hortorum puteus aquarum viventium quae fluunt impetu de Libano | Cantus ID 002887 | Song of songs 4:15 | Antiphon | h543",9
"284","Fratres obsecro vos | HORAE | | Short lesson | h544",1
"285","Fratres omnis qui invocaverit nomen Domini, salvus erit | HORAE | Romans 10:13 | Short lesson | h545",1
"286","Fulgebunt justi sicut sol in regno patris eorum alleluia | Cantus ID 002908 | | Antiphon | h547",1
"287","Fundamenta ejus in montibus sanctis ; diligit Dominus portas Sion super omnia tabernacula Jacob. Glo | HORAE | Psalm 86 | Psalm | h548",43
"288","Gabriel, Dei archangelus, nostrae salutis nuntius, intonuit, sic Mariam salutans sacratissimam : Ave | AH 10055 | | Hymn | h549",1
"289","Gabrielem archangelum credimus divinitus te esse affatum uterum tuum de spiritu sancto credimus impr | Cantus ID 006759a | | Verse | h550",2
"290","Gabrielem archangelum scimus divinitus | Cantus ID 006759a | | Verse | h1298",2
"291","Gaude dei genetrix virgo immaculata gaude quae gaudio ab angelo suscepisti gaude quae genuisti aeter | Cantus ID 002920 | | Antiphon | h552",8
"292","Gaude maria virgo : cunctas hereses sola interemisti in uniuerso mundo | HORAE | Cantus ID 002924 | Short lesson | h554",55
"293","Gaude Maria virgo | HORAE | | Verse | h553",1
"294","Gaude Maria virgo cunctas haereses sola interemisti in universo mundo | Cantus ID 002924 | | Antiphon | h555",17
"295","Gaude Maria virgo cunctas haereses sola interemisti quae Gabrielis archangeli dictis credidisti dum | Cantus ID 006759 | | Respond | h556",6
"296","Gaudeat omnis homo quoniam peperit pia virgo | Cantus ID a00365a | | Verse | h12347",1
"297","Gaudens gaudebo in domino | HORAE | Isaiah 61:10 | Short lesson | h561",1
"298","Gemma virginum lux saeculorum | Cantus ID 600946 | | Respond | h562",1
"299","Generaliter ergo cunctos | HORAE | | Lesson | h563",1
"300","Germinavit radix Iesse | HORAE | Numbers 24:17 | Short lesson | h566",1
"301","Germinavit radix Jesse orta est stella ex Jacob virgo peperit salvatorem te laudamus deus noster | Cantus ID 002941 | Numbers 24:17 | Antiphon | h567",48
"302","Gloria tibi Domine | Cantus ID 830356h | | Hymn | h570",5
"303","Glorificamus te dei genetrix quia ex te natus est Christus salva omnes qui te glorificant | Cantus ID 002952 | | Antiphon | h573",14
"304","Gratiam tuam, domine, mentibus nostris infunde, ut, qui, angelo nuntiante, Christi filii tui incarna | Corpus Orationum 2748 | | Oration | h575",27
"305","Gratiam tuam, domine, mentibus nostris infunde, ut, qui, angelo nuntiante, Christi filii tui incarna | Corpus Orationum 2748 | | Oration | h575|Ure igne sancti spiritus renes nostros et cor nostrum, domine, ut tibi caste et corde serviamus et c | Corpus Orationum 6025 | | Oration | h1228",1
"306","Haec est quae nescivit torum in delicto habebit fructum in respectione animarum sanctarum | Cantus ID 003001 | Wisdom of Solomon 3:13 | Antiphon | h577",21
"307","Haec est regina virginum | HORAE | | Respond | h1325",2
"308","Haec est regina virginum quae genuit regem velut rosa decora virgo dei genetrix per quam reperimus d | Cantus ID 003002 | | Antiphon | h578",14
"309","Haec est virgo sancta atque gloriosa quia dominus omnium dilexit eam | HORAE | Cantus ID 003015 | Short lesson | h584",37
"310","Haec forma prae filiis hominum castis concepit visceribus et benedicta in aeternum deum nobis protul | Cantus ID 006684a | | Verse | h1308",1
"311","Hec est que nescivit thorum in delicto, habebit fructum in respectione animarum sanctarum | HORAE | Wisdom of Solomon 3:13 | Short lesson | h582",2
"312","Hec est speciosior sole | HORAE | Wisdom of Solomon 7:29 | Short lesson | h583",2
"313","Hec est virgo virginum | HORAE | | Short lesson | h585",3
"314","Hec peperit non dolore sed gaudio | HORAE | Maximus Taurinensis incertus, Sermo XII (PL 57, 867 c) | Lesson | h587",1
"315","Hortus conclusus | HORAE | Song of songs 4:12 | Short lesson | h597",1
"316","Hortus conclusus es dei genetrix hortus conclusus fons signatus surge propera amica mea | Cantus ID 003137 | | Antiphon | h600",23
"317","Hortus conclusus es dei genetrix hortus conclusus fons signatus surge propera amica mea | Cantus ID 003137 | | Antiphon | h600|Descendi in hortum nucum ut viderem poma convallium et inspicerem si floruissent vineae et germinass | Cantus ID 002155 | Song of songs 6:10-12 | Antiphon | h276",1
"318","Hortus conclusus es Dei genitrix hortus conclusus fons signatus emissiones tuae paradisus fons ortor | HORAE | So 4:12 | Antiphon | h12342",1
"319","Hortus conclusus es soror mea hortus conclusus es fons signatus | Cantus ID 003138.1 | | Antiphon | h1348",2
"320","Hortus conclusus et fons signatus hiems transiit imber abiit et recessit jam veni sponsa de Libano v | Cantus ID 601080 | | Respond | h601",1
"321","Iam hiems transiit: imber abiit, et recessit: surge amica mea, et veni. | Cantus ID 003470 | Song of songs 2:11 | Antiphon | h602",2
"322","Ibo mihi ad montem myrrhae et ad collem Libani et loquar sponsae meae tota speciosa es proxima mea e | Cantus ID 003160 | Song of songs 4:6-8 | Antiphon | h603",1
"323","Illo nos igne, quaesumus, domine, spiritus sanctus inflammet, quem dominus noster Iesus Christus mis | Corpus Orationum 3061 | | Oration | h1336",1
"324","Imploramus, domine, clementiam tuam, ut haec divina ieiuniorum subsidia, a vitiis expiatos, ad festa | Corpus Orationum 3076 | | Oration | h610",1
"325","In æternum, Domine, verbum tuum permanet in cælo | HORAE | Psalm 118, 89 | Psalm | h611",3
"326","In convertendo Dominus captivitatem Sion,facti sumus sicut consolati. Tunc repletum est gaudio os no | HORAE | Psalm 125 | Psalm | h614",207
"327","In deliciis tuis sancta dei genetrix | Cantus ID 008202 | | Response | h1327",3
"328","In deliciis tuis sancta dei genetrix | Cantus ID 602225a | Song of songs 7:7 | Verse | h615",16
"329","In honore beatissimae Mariae virginis jubilemus domino | Cantus ID 001086 | | Invitatory | h617",13
"330","In Iacob inhabita | HORAE | Ecclesiasticus 24:13 | Short lesson | h620",4
"331","In manus dilectissimi | HORAE | | Respond | h12358",1
"332","In Maria | HORAE | | Lesson | h623",1
"333","In me gratia omnis viae et veritatis: in me omnis spes vitae et virtutis | HORAE | Ecclesiasticus 24:25 | Short lesson | h625",3
"334","In odore unguentorum tuorum currimus adolescentulae dilexerunt te nimis | Cantus ID 003261 | Song of songs 1:2 | Antiphon | h628",55
"335","In omni tribulatione eorum non est tribulatus et angelus faciei ejus salvavit eos | Cantus ID a00431 | | Respond | h630",1
"336","In omnibus requiem quaesivi: cuius in hereditate morabor? | HORAE | Ecclesiasticus 24:11-13 | Lesson | h637",27
"337","In omnibus requiem quesiui et in hereditate Domini morabor. Tunc precepit et dixit michi creator omn | HORAE | Ecclesiasticus 24:11-12 | Short lesson | h638",111
"338","In plateis sicut cinnamomum, et balsamum aromatizans odorem dedi: quasi myrrha electa dedi suavitate | HORAE | Ecclesiasticus 24:19-20 | Short lesson | h639",7
"339","In prole mater in partu virgo gaude et laetare virgo mater domini | Cantus ID 003274 | | Antiphon | h641",36
"340","In quo corrigit adolescentior viam suam ? in custodiendo sermones tuos | HORAE | Psalm 118, 9 | Psalm | h642",12
"341","In sue gracia | HORAE | | Lesson | h643",1
"342","In Syon firmata sum | HORAE | Ecclesiasticus 24:15 | Short lesson | h644",5
"343","In tabernaculis iustorum | HORAE | Psalm 117:15 | Response | h645",2
"344","In tabernaculo suo habitare | Cantus ID 008046.1 | | Response | h1326",2
"345","In te, Domine, speravi ;non confundar in aeternum :in justitia tua libera me. Inclina ad me aurem tu | HORAE | Psalm 30 | Psalm | h647",46
"346","Infirmitatem et fragilitatem | HORAE | | Oration | h655",1
"347","Iniquos odio habui, et legem tuam dilexi | HORAE | Psalm 118, 113 | Psalm | h656",9
"348","Innupta Dei genitrix | RH 38248 | | Lesson | h657",1
"349","Intemerata virgo quae redemptorem Israel peperisti et post partum virgo permansisti dei genetrix int | Cantus ID 003360 | | Antiphon | h659",1
"350","Intende prospere procede | Cantus ID 007679a | Psalm 44:5 | Verse | h660",14
"351","Intende prospere procede et regna | Cantus ID 008201 | Psalm 44:5 | Response | h661",1
"352","Intercede pro nobis ad dominum | Cantus ID a00332 | | Response | h1332",7
"353","Intercede pro nobis ad dominum deum nostrum | Cantus ID 007568a | | Verse | h664",38
"354","Ipsius intercessio perpetue felicitatis | HORAE | | Short lesson | h674",1
"355","Ipsum genuisti et in praesepe posuisti quem adorant multitudo angelorum genuisti | Cantus ID 006163c | | Verse | h675",3
"356","Ista est speciosa inter filias Jerusalem viderunt eam filiae Sion et beatissimam praedicaverunt et r | Cantus ID 202662 | Song of songs 2:13 | Antiphon | h677",1
"357","Jam lucis orto sidere deum precemur supplices ut in diurnis actibus nos servet a nocentibus | Cantus ID 8328 | | Hymn | h681",1
"358","Jesu Christe fili dei vivi miserere nobis alleluia alleluia | Cantus ID 601272 | | Respond | h684",13
"359","Jesu salvator saeculi redemptis ope subveni et pia Dei genetrix salutem posce miseris | Cantus ID 8333 | | Hymn | h685",6
"360","Jubilate Deo, omnis terra ;servite Domino in laetitia.Introite in conspectu ejus in exsultatione. Sc | HORAE | Psalm 99 | Psalm | h688",134
"361","Judica me, Deus, et discerne causam meam de gente non sancta :ab homine iniquo et doloso erue me. Qu | HORAE | Psalm 42 | Psalm | h690",92
"362","Justus es, Domine, et rectum judicium tuum | HORAE | Psalm 118, 137 | Psalm | h691",2
"363","Laetatus sum in his quae dicta sunt mihi :In domum Domini ibimus. Stantes erant pedes nostriin atrii | HORAE | Psalm 121 | Psalm | h696",348
"364","Laetetur ecclesia tua, deus, omnium sanctorum tuorum confisa suffragiis, atque eorum precibus glorio | HORAE | | Oration | h14807",1
"365","Lauda filia Syon | HORAE | Zephaniah 3:14 | Short lesson | h698",3
"366","Lauda, anima mea, Dominum.Laudabo Dominum in vita mea ;psallam Deo meo quamdiu fuero.Nolite confider | HORAE | Psalm 145 | Psalm | h699",1
"367","Lauda, Jerusalem, Dominum ;lauda Deum tuum, Sion. Quoniam confortavit seras portarum tuarum ;benedix | HORAE | Psalm 147 | Psalm | h700",128
"368","Laudate Dominum de caelis ;laudate eum in excelsis. Laudate eum, omnes angeli ejus ;laudate eum, omn | HORAE | Psalm 148 | Psalm | h701",137
"369","Laudate Dominum in sanctis ejus ;laudate eum in firmamento virtutis ejus. Laudate eum in virtutibus | HORAE | Psalm 150 | Psalm | h702",73
"370","Laudate Dominum, omnes gentes ;laudate eum, omnes populi. Quoniam confirmata est super nos misericor | HORAE | Psalm 116 | Psalm | h703",108
"371","Laudate, pueri, Dominum ;laudate nomen Domini. Sit nomen Domini benedictumex hoc nunc et usque in sa | HORAE | Psalm 112 | Psalm | h704",135
"372","Laudemus omnes dominum qui Mariam replevit gratia ut mediatrix hominum apud Deum esset propitia | Cantus ID a00755 | | Antiphon | h705",1
"373","Legem pone mihi, Domine, viam justificationum tuarum, et exquiram eam semper | HORAE | Psalm 118, 33 | Psalm | h706",12
"374","Letare que meruisti Christum portare | HORAE | Cantus ID 003708 | Short lesson | h707",1
"375","Leva eius sub capite meo, a dextera illius amplexabitur me | Cantus ID 202923 | Song of songs 2:6 | Antiphon | h708",2
"376","Levavi oculos meos in montes,unde veniet auxilium mihi. Auxilium meum a Domino,qui fecit caelum et t | HORAE | Psalm 120 | Psalm | h709",176
"377","Loquamur aliquid in laudibus sacratissimae Virginis | HORAE | Auctor incertus, ""Sermo Autberti presbyteri de Assumptione sanctae Mariae"" (PL 89, 1276 d) | Lesson | h713",1
"378","Lucerna pedibus meis verbum tuum, et lumen semitis meis | HORAE | Psalm 118, 105 | Psalm | h714",3
"379","Lux mundi beatissima | Cantus ID 830401 | | Hymn | h717",1
"380","Magnum hereditatis mysterium templum dei factus est uterus nesciens virum non est pollutus ex ea car | Cantus ID 003677 | | Antiphon | h719",1
"381","Magnum meritum, magnum donum, magna gratia. Ancilla peperit Dominum, creatura peperit creatorem, fil | HORAE | Hildefonsus Toletanus incertus, Sermo XII (PL 96, 283 a) | Short lesson | h720",1
"382","Magnus Dominus et laudabilis nimis,in civitate Dei nostri, in monte sancto ejus. Fundatur exsultatio | HORAE | Psalm 47 | Psalm | h721",11
"383","Maiestati tuae nos, quaesumus, domine, beatae Mariae semper virginis et omnium ordinum angelorum sim | Corpus Orationum 3297c | | Oration | h1335",2
"384","Maiestati tuae, domine, nos beata omnium sanctorum supplicatio conciliet, ut, qui cottidie offendimu | Corpus Orationum 3297b | | Oration | h8860",1
"385","Manus tuæ fecerunt me, et plasmaverunt me : da mihi intellectum, et discam mandata tua | HORAE | Psalm 118, 73 | Psalm | h725",3
"386","Maria Dei sanctissima | HORAE | | Hymn | h726",1
"387","Maria Dei sanctissima | HORAE | | Hymn | h726|Memento salutis auctor. Quod nostri quondam corporis, Ex illibata vir gine Nascendo, formam sumpseri | Cantus ID 8248z | AH 5047 | Hymn | h750",2
"388","Maria lucis baiula | HORAE | | Hymn | h728",1
"389","Maria mater domini aeterni patris filii fer opem nobis omnibus ad te confugientibus ; Deum de deo ge | Cantus ID 830213 | | Hymn | h729",2
"390","Maria ventre concipit verbi fidelis semine quem totus orbis non capit portant puellae viscera | Cantus ID 8257b | | Hymn | h734",1
"391","Maria virgo assumpta est ad aethereum thalamum in quo rex regum stellato sedet solio | Cantus ID 003707 | | Antiphon | h735",33
"392","Maria virgo inclita | HORAE | Cantus ID 003708 | Lesson | h736",1
"393","Maria virgo regia ex stirpe | Cantus ID 830415 | | Hymn | h737",1
"394","Maria virgo semper laetare quae meruisti Christum portare caeli et terrae conditorem quia de tuo ute | Cantus ID 003708 | | Antiphon | h738",16
"395","Maria virgo semper laetare quae meruisti Christum portare caeli et terrae conditorem quia de tuo ute | Cantus ID 003708 | | Antiphon | h738|Hortus conclusus es dei genetrix hortus conclusus es et fons signatus surge amica mea quam pulchra e | Cantus ID 003136 | | Antiphon | h599|Dilecte mi apprehendam te et ducam te in domum matris meae et in cubiculum genetricis meae ibi me do | Cantus ID 002224 | Song of songs 8:2 - 3:4 | Antiphon | h349",1
"396","Maria virgo semper letare | HORAE | Cantus ID 003708 | Short lesson | h739",27
"397","Maria virgo semper letare | HORAE | Cantus ID 003708 | Short lesson | h739|In omnibus requiem quesiui et in hereditate Domini morabor. Tunc precepit et dixit michi creator omn | HORAE | Ecclesiasticus 24:11-12 | Short lesson | h638",1
"398","Maria, caeli regina, sanctitate gloriosa, audi preces famulorum et deprecare Dominum. Qui totum mund | AH 16430 | | Hymn | h740",1
"399","Maria, mater gratiae, Mater misericordiae, Relevamen miseriae Gloriosam. Nomen tuum dulce nimis, Mem | AH 16455 | | Hymn | h741",5
"400","Maria, plena gratiae, Mater misericordiae, Tu nos ab hoste protege Et hora mortis suscipe. Rogamus t | AH 16464 | | Hymn | h742",8
"401","Maria, plena gratiae, Mater misericordiae, Tu nos ab hoste protege Et hora mortis suscipe. Rogamus t | AH 16464 | | Hymn | h742|Memento salutis auctor. Quod nostri quondam corporis, Ex illibata vir gine Nascendo, formam sumpseri | Cantus ID 8248z | AH 5047 | Hymn | h750",2
"402","Maria, virgo virginum, quae genuisti Dominum sine virili semine, verum lumen de lumine. Tu sola vita | AH 16500 | | Hymn | h743",1
"403","Mater Dei sanctissima atque virgo perpetua, offer nos tuo folio, in coelesti palatio | AH 16759 | | Hymn | h1294",13
"404","Mater Dei sanctissima atque virgo perpetua, offer nos tuo folio, in coelesti palatio | AH 16759 | | Hymn | h1294|Fili Mariae virginis, da nobis eius meritis a peccato resurgere et ad vitam pertingere. Cuius es fac | AH 9629 | | Hymn | h536",1
"405","Mater humani generis humana natura, quae ante peccatum erat incorruptibilis, impassibilis, immortali | HORAE | Honorius Augustodunensis, Expositio in Cantica canticorum (PL 172, 478 d) | Lesson | h745",1
"406","Mater patris et filia | Cantus ID 205362 | | Antiphon | h746",1
"407","Matrem quidem Domini quae ad se venerat, mox ut vidit, esse cognovit : sed nihil in se talis meriti | HORAE | Beda, Homiliae (PL 94, 17 a) | Lesson | h747",1
"408","Memento salutis auctor. Quod nostri quondam corporis, Ex illibata vir gine Nascendo, formam sumpseri | Cantus ID 8248z | AH 5047 | Hymn | h750",205
"409","Memento salutis auctor. Quod nostri quondam corporis, Ex illibata vir gine Nascendo, formam sumpseri | Cantus ID 8248z | AH 5047 | Hymn | h750|Maria, plena gratiae, Mater misericordiae, Tu nos ab hoste protege Et hora mortis suscipe. Rogamus t | AH 16464 | | Hymn | h742",2
"410","Memento salutis auctor. Quod nostri quondam corporis, Ex illibata vir gine Nascendo, formam sumpseri | Cantus ID 8248z | AH 5047 | Hymn | h750|Maria, plena gratiae, Mater misericordiae, Tu nos ab hoste protege Et hora mortis suscipe. Rogamus t | AH 16464 | | Hymn | h742|Gloria tibi Domine | Cantus ID 830356h | | Hymn | h570",1
"411","Memento salutis auctor. Quod nostri quondam corporis, Ex illibata vir gine Nascendo, formam sumpseri | Cantus ID 8248z | AH 5047 | Hymn | h750|Veni creator Spiritus, Mentes tuorum visita, Imple superna gratia, Quae tu creasti pectora. Qui para | AH 27066 | | Hymn | h1247",2
"412","Memento, Domine, David,et omnis mansuetudinis ejus : sicut juravit Domino ;votum vovit Deo Jacob : S | HORAE | Psalm 131 | Psalm | h751",62
"413","Memor esto verbi tui servo tuo, in quo mihi spem dedisti | HORAE | Psalm 118, 49 | Psalm | h752",9
"414","Memoria mea in generatione | HORAE | Ecclesiasticus 24:28 | Lesson | h753",1
"415","Mentes nostras, quaesumus, domine, paraclitus, qui a te procedit, illuminet et inducat in omnem, sic | Corpus Orationum 3333b | | Oration | h755",6
"416","Mentibus nostris, domine, spiritum sanctum benignus infunde, cuius et sapientia conditi sumus et pro | Corpus Orationum 3340 | | Oration | h756",5
"417","Mirabilia testimonia tua : ideo scrutata est ea anima mea | HORAE | Psalm 118, 129 | Psalm | h760",13
"418","Miserere mei domine et exaudi orationem meam | Cantus ID 203129 | | Antiphon | h762",1
"419","Misit Deus filium suum factum ex muliere, factum sub lege, ut eos, qui sub lege erant, redimeret, ut | HORAE | Galatians 4:4 | Short lesson | h764",1
"420","Missus est angelus gabriel a deo in civitatem | HORAE | Luke 1:26-28 | Lesson | h765",1
"421","Missus est angelus Gabriel a deo in civitatem Nazareth ad virginem Mariam desponsatam Joseph et dixi | Cantus ID 003792 | Luke 1:26-28 | Antiphon | h768",1
"422","Missus est Gabriel angelus ad Mariam virginem desponsatam Joseph | Cantus ID 003794 | Luke 1:26 | Antiphon | h769",5
"423","Missus est Gabriel angelus ad Mariam virginem desponsatam Joseph nuntians ei verbum et expavescit vi | Cantus ID 007170 | Luke 1:26-28 | Respond | h770",1
"424","Multe filie congregaverunt | HORAE | Proverbs 32:29 | Short lesson | h774",13
"425","Nam te orante | HORAE | | Lesson | h775",1
"426","Nate summe rex utero mariae de virgineo, emunda nos a vitio, et orna sanctis meritis, Dei mater, o d | AH 17395 | | Hymn | h776",2
"427","Nato tuo nos clementer concilia | Cantus ID 600181a | | Verse | h12346",1
"428","Ne timeas Maria invenisti gratiam apud dominum ecce concipies et paries filium alleluia | Cantus ID 003863 | Luke 1:30-31 | Antiphon | h780",2
"429","Nigra sum sed formosa filia Jerusalem ideo dilexit me rex et introduxit me in cubiculum suum | Cantus ID 003878 | Song of songs 1:4 | Antiphon | h785",4
"430","Nihil horum obliviscaris | HORAE | | Lesson | h787",1
"431","Nisi Dominus aedificaverit domum,in vanum laboraverunt qui aedificant eam.Nisi Dominus custodierit c | HORAE | Psalm 126 | Psalm | h789",311
"432","Nisi quia Dominus erat in nobis,dicat nunc Israël, nisi quia Dominus erat in nobis :cum exsurgerent | HORAE | Psalm 123 | Psalm | h790",203
"433","O admirabile | HORAE | | Hymn | h796",1
"434","O admirabile commercium creator generis humani animatum corpus sumens de virgine nasci dignatus est | Cantus ID 003985 | | Antiphon | h797",96
"435","O beata dei genitrix et virgo semper maria | HORAE | | Antiphon | h798",1
"436","O beata Maria Dei genitrix virgo | HORAE | | Antiphon | h799",1
"437","O beata Maria, quis tibi digne ualeat iura gratiarum et laudum preconia impendere, que singulari tuo | HORAE | Fulberti Carnotensis episcopi, Sermo IX (PL 141, 338 c d) | Lesson | h800",73
"438","O beatissima virgo Maria | HORAE | | Lesson | h802",1
"439","O Christe, proles virginis, patris compar altissimi, per tuae matris merita dele nostra peccamina. O | AH 18187 | | Hymn | h804",2
"440","O felicia oscula lactantis labris impressa | HORAE | Hildefonsus Toletanus incertus, Sermo IX (PL 96, 272 a) | Lesson | h808",1
"441","O felix Maria et omni laude dignissima | HORAE | Hildefonsus Toletanus incertus, Sermo IX (PL 96, 271 d) | Lesson | h810",2
"442","O felix mundi | HORAE | | Hymn | h811",1
"443","O fili caste virginis | HORAE | | Lesson | h812",1
"444","O florens rosa | HORAE | | Antiphon | h813",1
"445","O gloriosa Dei genitrix mater misericordiae, virgo semper Maria, quae Dominum omnium meruisti portar | HORAE | Anselmus, Cantuariensis archiepiscopus, Oratio XXXVI (PL 158, 928 b) | Lesson | h814",4
"446","O gloriosa dei genitrix virgo | Cantus ID 004029 | | Antiphon | h815",93
"447","O gloriosa domina excelsa super sidera quae nec primam similem visa est nec habere sequentem sola si | Cantus ID 007270 | | Respond | h817",6
"448","O gloriosa domina excelsa super sidera qui te creavit provide lacrasti sacro ubere | Cantus ID 008375e | | Hymn | h818",189
"449","O gloriosa femina non solum benedicta inter mulieres sed inter mulieres benedictas maiori benedictio | Cantus ID 203447 | | Antiphon | h820",1
"450","O Maria clausa | HORAE | | Antiphon | h822",1
"451","O Maria omni laude dignissima | HORAE | Hildefonsus Toletanus incertus, Sermo IX (PL 96, 271 d) | Lesson | h823",1
"452","O mater virgo virginum | HORAE | | Lesson | h825",1
"453","O pia Dei genitrix | HORAE | | Lesson | h827",1
"454","O pulchra inter mulieres | Cantus ID 601624 | | Respond | h828",1
"455","O pulchra inter mulieres egredere et abit post vestigia gregum et pasche haedos tuos juxta tabernacu | Cantus ID a02323 | | Antiphon | h829",2
"456","O quam pulchra es casta generatio cum claritate | Cantus ID 004069 | Wisdom of Solomon 4:1 | Antiphon | h833",2
"457","O quam pulchra inter mulieres | HORAE | | Antiphon | h834",1
"458","O regina mundi scala coeli, thronus Dei, ianua paradisi, audi preces pauperum, ne despicias gemitus | HORAE | Anselmus, Cantuariensis archiepiscopus, Oratio LV (PL 158, 962 b) | Lesson | h835",1
"459","O relinatorium aureum | HORAE | | Lesson | h836",1
"460","O sacratissima uirgo Maria, nos qui hoc credimus quod uirgo et mater Dei sis, credendo senciamus quo | HORAE | Anselmus, Cantuariensis archiepiscopus, Oratio LV (PL 158, 961 d) | Lesson | h838",5
"461","O sanctissima Dei genitrix | HORAE | | Lesson | h841",1
"462","O singularis domina, sola virgo puerpera, praeclara vitae ianua, qua caeli patent atria. Tu nos culp | AH 19584 | | Hymn | h842",1
"463","O stella maris inclita | HORAE | AH 1515 | Lesson | h843",1
"464","O virgo virginum | HORAE | | Antiphon | h845",1
"465","O, quam glorifica luce coruscas, Stirpis Davidicae regia proles, Sublimis residens, virgo Maria, Sup | Cantus ID 008362 ; AH 19313 | | Hymn | h831",24
"466","Obsecremus ergo te | HORAE | | Lesson | h847",1
"467","Oculi tui sancta dei genetrix sicut piscinae in Hesebon quae sunt in porta filiae multitudinis allel | HORAE | Song of songs 7:4 | Antiphon | h849",1
"468","Odor tuus sancta dei genetrix sicut odor balsami quasi lilium sic efflorebit sancta dei genetrix vir | Cantus ID 004112 | Ecclesiasticus 24:20 - Isaiah 35:1 | Antiphon | h850",5
"469","Odor tuus sancta dei genitrix | HORAE | Ecclesiasticus 24:20-21 | Short lesson | h851",1
"470","Omnipotens sempiterne deus nos famulos tuos | HORAE | | Oration | h858",2
"471","Omnipotens sempiterne deus nos famulos tuos dextera ... gaudere prosperitate et futura | BU FinalPrayer 104 | | Prayer | h2072",2
"472","Omnipotens sempiterne Deus qui gloriose virginis et matris Marie corpus et animam ut dignum filii tu | HORAE | | Oration | h862",2
"473","Omnipotens sempiterne deus, qui in sanctorum tuorum cordibus flammam tuae dilectionis accendis, da m | Corpus Orationum 3971 | | Oration | h1337",3
"474","Omnium sanctorum chorus laudate dominum in excelsis | Cantus ID 203688 | | Antiphon | h874",1
"475","Omnium, quaesumus, domine, sanctorum tuorum supplicatione placatus, et veniam nobis tribue et remedi | Corpus Orationum 4102 | | Oration | h1341",2
"476","Ora pro nobis beate N. ut digni efficiamur promissione Christi | Cantus ID 007326 | | Respond | h877",28
"477","Ora pro nobis dei genetrix | Cantus ID 60344a | | Verse | h1353",6
"478","Ora pro nobis sancta dei | Cantus ID 601702 | | Respond | h12348",1
"479","Ora pro nobis sancta Dei genitrix | Cantus ID 800319 ; BU VersResp 82 | | Versicle | h880",10
"480","Ora pro populo interveni pro clero intercede pro devoto femineo sexu sentiant omnes tuum levamen qui | Cantus ID 006725a | | Verse | h881",28
"481","Oraculum aeternae vitae claritas caelorum | Cantus ID 006041a | | Verse | h884",1
"482","Oret voce pia | HORAE | | Verse | h893",1
"483","Ornatam in monilibus | HORAE | Isaiah 61:10 | Short lesson | h895",1
"484","Ostende mihi faciem tuam | HORAE | Song of songs 2:14 | Short lesson | h896",1
"485","Paradisi porta per Evam cunctis clausa est et per beatam Mariam virginem iterum patefacta est | HORAE | Cantus ID 007347 | Short lesson | h898",64
"486","Paradisi porta per Evam cunctis clausa est et per Mariam virginem iterum patefacta est | Cantus ID 007347 | | Respond | h899",4
"487","Paradisi portae per te nobis apertae sunt quas hodie gloriosa cum angelis triumphas | Cantus ID 004215 | | Antiphon | h900",11
"488","Per te dei genitrix est nobis vita perdita data que de celo suscepisti prolem et mondo genuisti salu | HORAE | Gradual (AM I : ThK 93, p. 380-381) | Short lesson | h922",44
"489","Placa tuis precibus | HORAE | | Lesson | h930",1
"490","Porrige nobis, deus, dexteram tuam et per intercessionem beatae et gloriosae semper que virginis dei | Corpus Orationum 4303a | | Oration | h932",10
"491","Portio mea, Domine, dixi custodire legem tuam | HORAE | Psalm 118, 57 | Psalm | h933",3
"492","Post partum virgo | HORAE | | Response | h1333",1
"493","Post partum virgo inviolata | Cantus ID 006370ze | | Verse | h934",24
"494","Post partum virgo inviolata permansisti | Cantus ID 008169 ; BU VersResp 85 | | Versicle | h935",24
"495","Post partum virgo inviolata permansisti dei genetrix intercede pro nobis | Cantus ID 004332 | | Antiphon | h936",93
"496","Post partum virgo inviolata permansisti. | Cantus ID 007400 | | Respond | h938",77
"497","Post partum virgo letaris | HORAE | | Lesson | h939",5
"498","Praesepe poni pertulit | HORAE | | Hymn | h940",1
"499","Praesta quaesumus omnipotens Deus ut familia tua per viam... Secura perveniat | Conc. 2757 | | Oration | h941",1
"500","Principes persecuti sunt me gratis, et a verbis tuis formidavit cor meum | HORAE | Psalm 118, 161 | Psalm | h963",10
"501","Propter veritatem et mansuetudinem et justitiam et deducet te mirabiliter dextera tua | Cantus ID 007441 | Psalm 44:5 | Respond | h966",2
"502","Propterea benedixit te Deus in aeternum | Cantus ID 008014 ; BU VersResp 252 | | Response | h968",1
"503","Propterea benedixit te Deus in aeternum. | Cantus ID 006445a | | Verse | h967",13
"504","Protector noster in te sperantium deus sine quo ... ut non amittamus eterna | BU FinalPrayer 100 | | Prayer | h2269",2
"505","Protege domine famulos tuos subsidiis pacis ... a cunctis hostibus redde securos | BU FinalPrayer 140 | | Prayer | h2270",2
"506","Protege Domine populum tuum subsidiis | HORAE | | Oration | h970",1
"507","Protege quesumus domine famulos tuos | HORAE | | Oration | h971",2
"508","Protege, domine, famulos tuos subsidiis pacis et beatae Mariae patrociniis confidentes, a cunctis ho | Corpus Orationum 4756b | | Oration | h972",14
"509","Protege, domine, famulos tuos subsidiis pacis et beatae Mariae patrociniis confidentes, a cunctis ho | Corpus Orationum 4756b | | Oration | h972|Adsit nobis, domine, quaesumus, virtus spiritus sancti, quae et corda nostra clementer expurget et a | Corpus Orationum 218 | | Oration | h48",1
"510","Pulchra es amica mea | HORAE | Song of songs 6:3 | Lesson | h1301",1
"511","Pulchra es amica mea suavis | Cantus ID 204005 | Song of songs 4:1 | Antiphon | h976",1
"512","Pulchra es et decora filia Hierusalem, terribilis ut castrorum acies ordinata. | Cantus ID 004418 | Song of songs 6:3 | Antiphon | h977",47
"513","Pulchre sunt gene tue | HORAE | Song of songs 1:9 | Short lesson | h978",1
"514","Quae est ista quae ascendit per desertum sicut virgula fumi ex aromatibus myrrhae et thuris et unive | Cantus ID 601925 | Song of songs 3:6 | Respond | h979",1
"515","Quae est ista quae ascendit sicut aurora consurgens pulchra ut luna electa ut sol terribilis ut cast | Cantus ID 004425 | Song of songs 6:9 | Antiphon | h980",6
"516","Quae est ista quae processit sicut sol et formosa tamquam Jerusalem viderunt eam filiae Sion et beat | Cantus ID 007455 | | Respond | h981",3
"517","Quae est ista quae progreditur quasi aurora consurgens pulchra ut luna electa ut sol terribilis ut c | Cantus ID 004425.1 | Song of songs 6:9 | Antiphon | h982",1
"518","Quae est ista que ascendit | HORAE | Song of songs 3:6 | Lesson | h1349",1
"519","Quae est ista que ascendit | HORAE | Song of songs 3:6 | Short lesson | h983",2
"520","Quae est ista que processit sicut sol et formosa tanquam Ierusalem | HORAE | Song of songs 6:8 | Short lesson | h1297",1
"521","Quae est ista, que progreditur, quasi aurora consurgens, pulcra ut luna, electa ut sol, terribilis u | HORAE | Song of songs 6:9 | Short lesson | h984",9
"522","Qualis est dilectus meus ex | Cantus ID 204034 | | Antiphon | h985",1
"523","Quam bonus Israël Deus,his qui recto sunt corde ! Mei autem pene moti sunt pedes,pene effusi sunt gr | HORAE | Psalm 72 | Psalm | h986",1
"524","Quam felix et gloriosa es | HORAE | | Lesson | h987",1
"525","Quam pulchra es amica mea | HORAE | Song of songs 4:1 | Short lesson | h988",2
"526","Quando natus es in effabiliter tunc implete sunt scripture sicut | Cantus ID 004441 | Psalm 71:6 | Antiphon | h990",72
"527","Quare fremuerunt gentes, et populi meditati sunt inania ? Astiterunt reges terræ,Quare fremuerunt ge | HORAE | Psalm 2 | Psalm | h993",54
"528","Quas igitur tibi laudes | HORAE | | Lesson | h994",1
"529","Quasi cedrus exaltata sum | HORAE | Ecclesiasticus 24:17 | Short lesson | h995",45
"530","Quasi cedrus exaltata sum in | Cantus ID 004450 | Ecclesiasticus 24:17 | Antiphon | h996",2
"531","Quasi cedrus exaltata sum in Libano, et quasi cupressus in montibus Hermon. | HORAE | Ecclesiasticus 24:17-20 | Lesson | h997",26
"532","Quasi Libanus non incisus | HORAE | Ecclesiasticus 24:21 | Short lesson | h998",1
"533","Quasi oliva speciosa | HORAE | Ecclesiasticus 24:19 | Short lesson | h999",4
"534","Quem credimus ex virgine natum | HORAE | | Hymn | h1001",2
"535","Quem terra pontus sidera colunt adorant praedicant trinam regentem machinam claustrum Mariae bajulat | Cantus ID 008375.1 | | Hymn | h1002",2
"536","Quem terra, pontus, aethera, Colunt, adorant, praedicant, Trinam regentem machinam Claustrum Mariae | AH 22290 | Cantus ID 008375 | | Hymn | h1003",178
"537","Qui confidunt in Domino, sicut mons Sion :non commovebitur in aeternum,qui habitat  in Jerusalem.Mon | HORAE | Psalm 124 | Psalm | h1006",208
"538","Qui de virgine nasci dignatus es | Cantus ID 006276a | | Verse | h1352",7
"539","Qui dignatus es de virgine nasci | Cantus ID 602970b | | Verse | h1350",2
"540","Qui edunt me | HORAE | Ecclesiasticus 24:29 | Short lesson | h1007",1
"541","Qui gloriatur in domino | HORAE | 1 Corinthians 1:31 | Short lesson | h1010",3
"542","Qui habitat in adjutorio Altissimi,in protectione Dei caeli commorabitur. Dicet Domino : Susceptor m | HORAE | Psalm 90 | Psalm | h1011",5
"543","Qui natus es de virgine Maria miserere nobis | Cantus ID 601272d | | Verse | h1015",6
"544","Qui nos redemit | HORAE | | Verse | h12366",1
"545","Quia concupivit rex speciem tuam quia ipse est dominus deus tuus | Cantus ID 007732a | Psalm 44:12 | Verse | h1021",2
"546","Quia nimirum ipse Spiritus qui ei prophetiae donum contulit, munus pariter humilitatis praestitit | HORAE | Beda, Homiliae (PL 94, 17 b) | Lesson | h1024",1
"547","Quicumque vult salvus esse, ante omnia opus est ut teneat catholicam fidem : Quam nisi quisque integ | HORAE | Athanasian Creed | Psalm | h1028",3
"548","Quo abiit dilectus tuus | HORAE | | Respond | h1031",1
"549","Quod chorus vatum venerandus olim Spiritu sancto cecinit repletus, in Dei factum genetrice constat e | AH 22559 | | Hymn | h1032",1
"550","Quomodo dilexi legem tuam, Domine ! tota die meditatio mea est | HORAE | Psalm 118, 97 | Psalm | h1034",10
"551","Quomodo fiet istud angele dei quia virum in concipiendo non pertuli audi Maria virgo Christi spiritu | Cantus ID 004563 | | Antiphon | h1035",1
"552","Quoniam peccatorum mole premimur et non est qui adjuvet | Cantus ID 006278a | | Verse | h1039",1
"553","Quoniam peccatorum mole premimur et non est qui adjuvet | HORAE | | Response | h1334",5
"554","Radicavi in populo honorificato | HORAE | Ecclesiasticus 24:16 | Short lesson | h1042",100
"555","Recordare nostri | HORAE | | Lesson | h1043",1
"556","Rector potens viventium salusque morientium, defunctis fidelibus miserere propitius. Qui tua sunt pl | AH 22686 | | Hymn | h1044",1
"557","Regali ex progenie Maria exorta refulget cujus precibus nos adjuvari mente et spiritu devotissime po | Cantus ID 004591 | | Antiphon | h1047",14
"558","Regali ex progenie Maria virgo exorta refulget cujus precibus nos adjuvari mente et spiritu devotiss | Cantus ID 007519 | | Respond | h1048",1
"559","Regem caelorum | HORAE | | Versicle | h1314",1
"560","Regem caelorum genuisti regina perennis | Cantus ID 007521 | | Respond | h1049",1
"561","Regem virginum dominum venite adoremus | Cantus ID 001151 | | Invitatory | h1300",3
"562","Regi autem seculorum immortali | HORAE | 1 Timothy 1:17 | Short lesson | h1051",3
"563","Regina decus virginum | HORAE | | Lesson | h1053",1
"564","Regina mundi et domina | HORAE | Cantus ID 204242 | Lesson | h1054",2
"565","Regina mundi et domina virgo | Cantus ID 204242 | | Antiphon | h1055",3
"566","Rerum Deus omnium, qui es sanctorum gaudium, miserere, quaesumus, defunctis fidelibus. Latroni per c | AH 23084 | | Hymn | h1060",1
"567","Retribue servo tuo, vivifica me, et custodiam sermones tuos | HORAE | Psalm 118, 17 | Psalm | h1062",30
"568","Rex Christe clementissime, Praesta pacem ecclesiae, Illam regendo dirige Nosque fovendo protege. Pre | AH 23188 | | Hymn | h1064",38
"569","Rex Christe clementissime, Praesta pacem ecclesiae, Illam regendo dirige Nosque fovendo protege. Pre | AH 23188 | | Hymn | h1064|Memento salutis auctor. Quod nostri quondam corporis, Ex illibata vir gine Nascendo, formam sumpseri | Cantus ID 8248z | AH 5047 | Hymn | h750|Maria mater gratiae | Cantus ID 830214 | AH 16455 | Hymn | h730",4
"570","Rogamus te virgo virginum | Cantus ID 204313 | | Antiphon | h1066",9
"571","Rogemus omnes populi | HORAE | | Hymn | h1067",4
"572","Rubum quem viderat moyses in combustum conservatam | Cantus ID 004669 | Exodus 3:2-3 | Antiphon | h1068",93
"573","Saepe expugnaverunt me a juventute mea,dicat nunc Israël ; saepe expugnaverunt me a juventute mea :e | HORAE | Psalm 128 | Psalm | h1069",151
"574","Salvator mundi salva nos omnes sancta dei genetrix virgo semper Maria ora pro nobis precibus quoque | Cantus ID 004689 | | Antiphon | h1075",1
"575","Salve Maria lux et mundi domina | Cantus ID 600181 | | Respond | h1076",1
"576","Salve porta Dei | HORAE | | Versicle | h1315",1
"577","Salve porta poli per quam lux splenduit orbi | Cantus ID 602053 | | Respond | h1077",1
"578","Salve regina misericordiae vita dulcedo et spes nostra salve ad te clamamus exsules filii Evae | HORAE | Cantus ID 204367 | Lesson | h1078",1
"579","Salve regina misericordiae vita dulcedo et spes nostra salve ad te clamamus exsules filii Evae ad te | Cantus ID 204367 | | Antiphon | h1079",9
"580","Salve sponsa Dei | HORAE | | Respond | h1081",1
"581","Sancta dei genetrix intercede pro nobis | Cantus ID 001157 | | Invitatory | h12344",1
"582","Sancta dei genetrix virgo semper Maria | Cantus ID a00181 | | Versicle | h1316",8
"583","Sancta dei genetrix virgo semper Maria intercede pro nobis ad dominum Jesum Christum | Cantus ID 004699 | | Antiphon | h1086",88
"584","Sancta dei genitrix | Cantus ID 602956a | | Verse | h1087",14
"585","Sancta Dei genitrix que digne meruisti concipere quem totus orbis nequiuit comprehendere tuo pio int | HORAE | Incertus 151, Excerpta ex liturgicis codicibus Fontavellanensibus (PL 151, 970 d) | Lesson | h1089",57
"586","Sancta dei genitrix virgo semper Maria | Cantus ID 007568 | | Respond | h1092",49
"587","Sancta ergo Maria | HORAE | | Lesson | h1094",1
"588","Sancta et immaculata virginitas | HORAE | Cantus ID 004700 | Short lesson | h1095",9
"589","Sancta et immaculata virginitas quibus te laudibus referam nescio quia quem caeli capere non poteran | Cantus ID 007569 | | Respond | h1096",161
"590","Sancta Maria Dei genitrix | HORAE | | Lesson | h1098",2
"591","Sancta Maria mater | HORAE | | Versicle | h1317",3
"592","Sancta maria mater Christi | HORAE | | Respond | h1099",11
"593","Sancta Maria mater Domini nostri Jesu Christi in manus tuas et in manus tuas filii tui commendo die | HORAE | | Oration | h1101",1
"594","Sancta Maria per obedientiam | HORAE | | Lesson | h1103",1
"595","Sancta Maria sanctarum sanctissima | HORAE | | Lesson | h1104",1
"596","Sancta Maria succurre miseris juva pusillanimes refove flebiles ora pro populo interveni pro clero i | Cantus ID 004703.1 | Fulberti Carnotensis episcopi, Sermo IX (PL 141, 338 d - 340) | Antiphon | h1105",161
"597","Sancta maria virginum | Cantus ID 204390 | | Antiphon | h1106",3
"598","Sancta Maria virgo intercede pro toto mundo quia genuisti regem orbis | Cantus ID 004705 | | Antiphon | h1107",5
"599","Sancta Maria virgo perpetua | Cantus ID 204391 | | Antiphon | h1108",1
"600","Sancta Maria virgo piissima | HORAE | | Lesson | h1109",1
"601","Sancta Maria virgo semper | HORAE | | Lesson | h1110",1
"602","Sancta Maria, piarum piissima intercede pro nobis, sanctarum sanctissima, ut per te uirgo sumat nost | HORAE | Fulberti Carnotensis episcopi, Sermo IX (PL 141, 338 d - 340) | Lesson | h1112",59
"603","Sancta Maria, succurre miseris, iuua pusillanimes, refoue flebiles, ora pro populo, interueni pro cl | HORAE | Fulberti Carnotensis episcopi, Sermo IX (PL 141, 338 d - 340) | Lesson | h1113",65
"604","Sancta Maria, uirgo uirginum mater et filia regis regum omnium tuum nobis impende solatium ut celest | HORAE | Incertus 151, Excerpta ex liturgicis codicibus Fontavellanensibus (PL 151, 970 d) | Lesson | h1114",72
"605","Sancta regina caeli | HORAE | | Lesson | h1115",1
"606","Sanctae dei genitricis Mariae atque omnium sanctorum tuorum, quaesumus, domine, supplicatione placat | Corpus Orationum 5308 | | Oration | h11193",1
"607","Sancti quesumus Domine beato Iohannes | HORAE | | Oration | h1124",1
"608","Sancti spiritus, domine, corda nostra mundet infusio et sui roris intima adspersione fecundet | Corpus Orationum 5351b | | Oration | h1126",6
"609","Sancti tui, quaesumus, domine, iugiter nobis a te et veniam postulent et profectum | Corpus Orationum 5358 | | Oration | h1338",4
"610","Sanctissima Dei genitrix | HORAE | | Lesson | h1128",2
"611","Sanctorum tuorum, domine, intercessione placatus, praesta, quaesumus, ut, quae temporali celebramus | Corpus Orationum 5429 bis | | Oration | h1339",2
"612","Sanctorum tuorum, domine, precibus adiuvemur et, quod possibilitas nostra non obtinet, eorum nobis p | Corpus Orationum 5431a | | Oration | h1340",4
"613","Sapiencia in ecclesia altissimi | HORAE | Ecclesiasticus 24:1-2 | Short lesson | h1132",1
"614","Sapientia vincit | HORAE | Wisdom of Solomon 7:30 | Short lesson | h1133",1
"615","Scimus quoniam diligentibus Deum omnia cooperantur in bonum his qui secundum propositum vocati sunt | HORAE | Romans 8:28 | Short lesson | h1134",2
"616","Sentiant nos | HORAE | | Respond | h1137",1
"617","Si ignoras te o pulchra | Cantus ID 204623 | | Antiphon | h1139",1
"618","Sicut cedrus exaltata sum | HORAE | Ecclesiasticus 24:17 | Lesson | h1141",1
"619","Sicut cedrus exaltata sum | HORAE | Ecclesiasticus 24:17 | Short lesson | h1142",2
"620","Sicut cedrus exaltata sum in Libano et sicut cypressus in monte Sion quasi myrrha electa dedi suavit | Cantus ID 007657 | Ecclesiasticus 24:17 | Respond | h1143",20
"621","Sicut cinnamomum et balsamum aromatizans odorem dedisti sancta dei genetrix | Cantus ID 004929 | Ecclesiasticus 24:20 | Antiphon | h1144",1
"622","Sicut cynamomum et balsamum | HORAE | Ecclesiasticus 24:20 | Short lesson | h1145",156
"623","Sicut letantium omnium habitatio est in te sancta Dei genitrix | Cantus ID 004936 | Psalm 86:7 | Antiphon | h1146",2
"624","Sicut lilium inter spinas | HORAE | Song of songs 2:2 | Short lesson | h1147",2
"625","Sicut lilium inter spinas sic amica mea inter filias | Cantus ID 004937 | Song of songs 2:2 | Antiphon | h1148",23
"626","Sicut mirra electa odorem dedisti suavitatis, sancta Dei genitrix | Cantus ID 004942 | Ecclesiasticus 24:20 | Antiphon | h1149",58
"627","Sicut myrrha electa odorem | HORAE | | Respond | h1324",1
"628","Sicut rosa inter spinas illis addit speciem sic venustat suam virgo Maria progeniem germinavit enim | Cantus ID 602209 | | Respond | h1150",1
"629","Singularis ista virgo | HORAE | | Lesson | h1151",2
"630","Singularis meriti sola sine exemplo mater et virgo Maria | HORAE | Anselmus Cantuariensis, Oratio XLIX (PL 158, 946 b) | Lesson | h1152",2
"631","Sit porta Christi | HORAE | | Hymn | h1155",1
"632","Sola fuit mulier paruit qua janua laeto et qua vita reddidit | Cantus ID 007270a | | Verse | h1309",1
"633","Solem justitiae regem paritura supremum stella Maria maris hodie processit ad ortum | Cantus ID 007677 | Malachi 4:2 | Respond | h1157",4
"634","Solve vincula reis | HORAE | | Hymn | h1158",5
"635","Specie tua et pulchritudine | Cantus ID 008201 | Psalm 44:5 | Versicle | h1159",2
"636","Specie tua et pulchritudine tua intende prospere procede et regna | Cantus ID 004987 | Psalm 44:5 | Antiphon | h1160",1
"637","Specie tua et pulchritudine tua intende prospere procede et regna | Cantus ID 006994a | Psalm 44:5 | Verse | h1161",2
"638","Specie tua et pulchritudine tua intende prospere procede et regna | Cantus ID 007680 | Psalm 44:5 | Respond | h1162",20
"639","Speciosa facta es | Cantus ID 008202.1 | | Versicle | h1318",9
"640","Speciosa facta es et suavis | Cantus ID 602225 | Song of songs 7:7 | Respond | h1164",23
"641","Speciosa facta es et suavis | HORAE | Cantus ID 004988 | Short lesson | h1163",4
"642","Speciosa facta es et suavis in deliciis tuis | Cantus ID 006070a | Song of songs 7:7 | Verse | h1165",20
"643","Speciosa facta es, et suavis in deliciis tuis, sancta Dei genitrix. | Cantus ID 004988 | Song of songs 7:6-7 | Antiphon | h1166",12
"644","Spiritui sancto | HORAE | | Respond | h1167",1
"645","Spiritus enim meus | HORAE | | Short lesson | h1168",2
"646","Spiritus sanctus in te descendet Maria ne timeas habebis in utero filium dei alleluia | Cantus ID 005006 | Luke 1:35 | Antiphon | h1177",4
"647","Spiritus sanctus superveniet in te | Cantus ID a00414 | | Versicle | h1319",3
"648","Spiritus sanctus superveniet in te | HORAE | Luke 1:35 | Antiphon | h1178",1
"649","Stirps Jesse virgam produxit virgaque florem et super hunc florem requiescit spiritus almus | Cantus ID 007709 | Isaiah 11:1 | Respond | h1181",3
"650","Sub tuam protectionem confugimus ubi infirmi acceperunt virtutem et propter hoc tibi psallimus dei g | Cantus ID 005040 | | Antiphon | h1182",44
"651","Sub tuum praesidium confugimus sancta Dei genitrix: nostras deprecationes ne despicias in necessitat | Cantus ID 005041 | | Antiphon | h1183",81
"652","Sub tuum praesidium confugimus sancta Dei genitrix: nostras deprecationes ne despicias in necessitat | Cantus ID 005041 | | Antiphon | h1183|Hortus conclusus es dei genetrix hortus conclusus fons signatus surge propera amica mea | Cantus ID 003137 | | Antiphon | h600",1
"653","Succurre alma genetrix Christi miseris ad te confugientibus adjuva et refove omnes qui in te confidu | Cantus ID 005050 | | Antiphon | h1184",8
"654","Succurre ergo benignissima | HORAE | | Lesson | h1185",2
"655","Succurre ergo sancta Dei genitrix | HORAE | | Lesson | h1186",1
"656","Succurre igitur | HORAE | | Lesson | h1187",1
"657","Succurre piissima virgo | HORAE | | Lesson | h1189",1
"658","Super choros angelorum ad caelestia regna | Cantus ID 600817a | | Verse | h1191",3
"659","Super chorus angelorum ad caelestia regna | Cantus ID 008063 | | Response | h1331",4
"660","Super decorem et omnem pulchritudinem | HORAE | | Short lesson | h1192",1
"661","Super salutem et omnem pulchritudinem dilecta es a domino et regina caelorum vocari digna es gaudent | Cantus ID 007726 | | Respond | h1193",1
"662","Super salutem et speciem dilexi illam | HORAE | Wisdom of Solomon 7:10 | Short lesson | h1194",1
"663","Supplicationem servorum tuorum, deus miserator, exaudi, ut, qui in nativitate dei genitricis et virg | Corpus Orationum 5675 | | Oration | h1342",1
"664","Surge beatissima Virgo Maria misericorditer actura pro nobis surge et amplectere misericordiam redem | HORAE | Anselmus Cantuariensis, Oratio LIV (PL 158, 960d) | Lesson | h1195",6
"665","Surge propera amica mea | HORAE | Song of songs 2:10 | Short lesson | h1196",2
"666","Suscipe verbum virgo Maria quod tibi a domino per angelum transmissum est concipies per aurem deum p | Cantus ID 007744 | Luke 1:28 - 1:42 | Respond | h1201",1
"667","Suscipiat benignissima | HORAE | | Lesson | h1203",1
"668","Te decus virgineum virgo dei genetrix Maria te solam inter omnes virgines castissimam exoramus ut pr | Cantus ID 005116 | | Antiphon | h1207",1
"669","Te ergo Dei genitrix | HORAE | | Lesson | h1210",1
"670","Te laudant angeli atque archangeli sancta Dei genitrix que virum non cognouisti et Domini Deum nostr | HORAE | Cantus ID 007756 | Short lesson | h1212",13
"671","Te laudant angeli sancta dei genetrix quae virum non cognovisti et dominum in tuo utero bajulasti co | Cantus ID 007756 | | Respond | h1213",1
"672","Tota pulchra es | HORAE | Song of songs 4:7 | Short lesson | h1215",3
"673","Tota pulchra es amica mea et macula non est in te favus distillans labia tua mel et lac sub lingua t | Cantus ID 005162 | Song of songs 4:7 | Antiphon | h1216",14
"674","Trahe me post te | HORAE | Song of songs 1:3 | Short lesson | h1217",5
"675","Transite ad me omnes qui concupiscitis me | HORAE | Ecclesiasticus 24:26 | Short lesson | h1218",17
"676","Tribue, quaesumus, domine, sanctos tuos et iugiter orare pro nobis et semper clementer audiri | Corpus Orationum 5921 | | Oration | h1343",5
"677","Tu autem in nobis es Domine et nomen tuum super nos invocatum est ne derelinquas nos | HORAE | Jeremiah 14:9 | Short lesson | h1222",1
"678","Ure igne sancti spiritus renes nostros et cor nostrum, domine, ut tibi caste et corde serviamus et c | Corpus Orationum 6025 | | Oration | h1228",2
"679","Usquequo, Domine, oblivisceris me in finem ?usquequo avertis faciem tuam a me ? quamdiu ponam consil | HORAE | Psalm 12 | Psalm | h1229",101
"680","Ut digni efficiamur promissione Christi | Cantus ID 007577a | | Verse | h1231",22
"681","Ut digni efficiamur promissionibus Christi | Cantus ID 008164 ; BU VersResp 243 | | Response | h1232",3
"682","Ut radicavi | HORAE | | Short lesson | h1237",1
"683","Ut tuam, Domine, misericordiam consequamur, fac nos tibi toto corde esse devotos | HORAE | | Oration | h1345",2
"684","Veneremur fratres mei | HORAE | | Lesson | h1244",2
"685","Veni benedicta nobis de celo | HORAE | | Lesson | h1245",1
"686","Veni benedicta nobis virgo | HORAE | | Lesson | h1246",1
"687","Veni creator Spiritus, Mentes tuorum visita, Imple superna gratia, Quae tu creasti pectora. Qui para | AH 27066 | | Hymn | h1247",209
"688","Veni creator Spiritus, Mentes tuorum visita, Imple superna gratia, Quae tu creasti pectora. Qui para | AH 27066 | | Hymn | h1247|A solis ortus cardine ad usque terrae limitem Christum canamus principem natum Maria virgine ; Beatu | Cantus ID 008248.1 | AH 67 | Hymn | h8",1
"689","Veni creator Spiritus, Mentes tuorum visita, Imple superna gratia, Quae tu creasti pectora. Qui para | AH 27066 | | Hymn | h1247|A solis ortus cardine ad usque terrae limitem Christum canamus principem natum Maria virgine ; Beatu | Cantus ID 008248.1 | AH 67 | Hymn | h8|Fili Mariae virginis, da nobis eius meritis a peccato resurgere et ad vitam pertingere. Cuius es fac | AH 9629 | | Hymn | h536",1
"690","Veni creator Spiritus, Mentes tuorum visita, Imple superna gratia, Quae tu creasti pectora. Qui para | AH 27066 | | Hymn | h1247|Enixa est puerpera quem Gabriel praedixerat quem matris alvo gestiens clausus Joannes senserat | Cantus ID 8248d | AH 67 | Hymn | h449|Fili Mariae virginis, da nobis eius meritis a peccato resurgere et ad vitam pertingere. Cuius es fac | AH 9629 | | Hymn | h536",1
"691","Veni creator Spiritus, Mentes tuorum visita, Imple superna gratia, Quae tu creasti pectora. Qui para | AH 27066 | | Hymn | h1247|Fili Mariae virginis, da nobis eius meritis a peccato resurgere et ad vitam pertingere. Cuius es fac | AH 9629 | | Hymn | h536",1
"692","Veni creator Spiritus, Mentes tuorum visita, Imple superna gratia, Quae tu creasti pectora. Qui para | AH 27066 | | Hymn | h1247|Maria mater gratiae | Cantus ID 830214 | AH 16455 | Hymn | h730",2
"693","Veni creator Spiritus, Mentes tuorum visita, Imple superna gratia, Quae tu creasti pectora. Qui para | AH 27066 | | Hymn | h1247|Mater Dei sanctissima atque virgo perpetua, offer nos tuo folio, in coelesti palatio | AH 16759 | | Hymn | h1294",4
"694","Veni creator Spiritus, Mentes tuorum visita, Imple superna gratia, Quae tu creasti pectora. Qui para | AH 27066 | | Hymn | h1247|Memento salutis auctor. Quod nostri quondam corporis, Ex illibata vir gine Nascendo, formam sumpseri | Cantus ID 8248z | AH 5047 | Hymn | h750",57
"695","Veni creator Spiritus, Mentes tuorum visita, Imple superna gratia, Quae tu creasti pectora. Qui para | AH 27066 | | Hymn | h1247|Memento salutis auctor. Quod nostri quondam corporis, Ex illibata vir gine Nascendo, formam sumpseri | Cantus ID 8248z | AH 5047 | Hymn | h750|Maria, plena gratiae, Mater misericordiae, Tu nos ab hoste protege Et hora mortis suscipe. Rogamus t | AH 16464 | | Hymn | h742|Gloria tibi Domine | Cantus ID 830356h | | Hymn | h570",1
"696","Veni creator Spiritus, Mentes tuorum visita, Imple superna gratia, Quae tu creasti pectora. Qui para | AH 27066 | | Hymn | h1247|Memento salutis auctor. Quod nostri quondam corporis, Ex illibata vir gine Nascendo, formam sumpseri | Cantus ID 8248z | AH 5047 | Hymn | h750|Rex Christe clementissime, Praesta pacem ecclesiae, Illam regendo dirige Nosque fovendo protege. Pre | AH 23188 | | Hymn | h1064",2
"697","Veni creator Spiritus, Mentes tuorum visita, Imple superna gratia, Quae tu creasti pectora. Qui para | AH 27066 | | Hymn | h1247|Per tuum virgo | HORAE | | Hymn | h923",1
"698","Veni creator Spiritus, Mentes tuorum visita, Imple superna gratia, Quae tu creasti pectora. Qui para | AH 27066 | | Hymn | h1247|Rex Christe clementissime, Praesta pacem ecclesiae, Illam regendo dirige Nosque fovendo protege. Pre | AH 23188 | | Hymn | h1064|Memento salutis auctor. Quod nostri quondam corporis, Ex illibata vir gine Nascendo, formam sumpseri | Cantus ID 8248z | AH 5047 | Hymn | h750",1
"699","Veni electa mea et ponam in te thronum meum quia concupivit rex speciem tuam | Cantus ID 007826 | | Respond | h1248",3
"700","Veni in hortum meum soror mea sponsa messui myrrham meam cum aromatibus meis | Cantus ID 005325 | Song of songs 5:1 | Antiphon | h1249",1
"701","Venit dilectus meus in hortum | Cantus ID 005329 | | Antiphon | h1251",1
"702","Venite adoremus regem regum cujus hodie ad aethereum mater virgo assumpta est caelum | Cantus ID 001177 | | Invitatory | h1252",1
"703","Verba mea auribus percipe, Domine ;intellige clamorem meum. Intende voci orationis meae,rex meus et | HORAE | Psalm 5 | Psalm | h1255",40
"704","Vere gratie plena es | HORAE | | Hymn | h1257",1
"705","Vide humilitatem meam, et eripe me, quia legem tuam non sum oblitus. | HORAE | Psalm 118, 153 | Psalm | h1259",3
"706","Videamus itaque fratres quae sit haec virgo tam sancta, ad quam Spiritus sanctus venire dignatus est | HORAE | Hildefonsus Toletanis incertus, Sermo VII (PL 96, 267 d) | Lesson | h1260",1
"707","Viderunt eam filie syon et beatissimam predicauerunt et regine laudauerunt eam | HORAE | Song of songs 6:8 | Short lesson | h1261",2
"708","Vidi speciosam ascendentem sicut virgula fumi ex aromatibus myrrhae et thuris | Cantus ID 005406 | Song of songs 3:6 | Antiphon | h1262",3
"709","Vidi speciosam sicut columbam ascendentem desuper rivos aquarum cujus inaestimabilis odor erat nimis | Cantus ID 007878 | Song of songs 2:13 | Respond | h1263",22
"710","Virga dedit florem castum servando pudorem justitiae solem patris per saecula prolem | Cantus ID a00365 | | Respond | h1265",1
"711","Virgo concepit et virgo peperit et post partum virgo permansit | Cantus ID 205256 | | Antiphon | h1267",1
"712","Virgo dei genetrix ex qua lux oriri dignata est aeterna intende supplicum preces servorum tuorum ut | Cantus ID 005447 | | Antiphon | h1268",4
"713","Virgo dei genetrix per quam lux oriri dignata est aeterna intende supplicum tuorum preces servorum u | Cantus ID 205260 | | Antiphon | h1269",3
"714","Virgo Dei genitrix | HORAE | | Short lesson | h1271",15
"715","Virgo Dei Genitrix quem totus non capit orbis, in tua se clausit viscera factus homo | HORAE | | Short lesson | h12341",1
"716","Virgo Dei genitrix, quem totus non capit orbis, In tua se clausit viscera factus homo. Vera fides ge | AH 27748 | | Hymn | h1272",34
"717","Virgo Maria non est tibi similis nata in mundo in mulieribus flores ut rosa odor sicut lilium ora pr | Cantus ID 005453 | Ecclesiasticus 39:19 | Antiphon | h1275",6
"718","Virgo Maria stella maris | HORAE | | Lesson | h1276",6
"719","Virgo prudentissima quo progrederis quasi aurora valde rutilans filia Sion tota formosa et suavis es | Cantus ID 005454 | Song of songs 6:9 | Antiphon | h1277",1
"720","Virgo sancta virgo gloriosa | HORAE | | Lesson | h1279",1
"721","Virgo singularis | HORAE | | Hymn | h1281",90
"722","Virgo singularis | HORAE | | Hymn | h1281|Veni creator Spiritus, Mentes tuorum visita, Imple superna gratia, Quae tu creasti pectora. Qui para | AH 27066 | | Hymn | h1247",1
"723","Virgo singularis | HORAE | | Hymn | h1281|Virgo Dei genitrix, quem totus non capit orbis, In tua se clausit viscera factus homo. Vera fides ge | AH 27748 | | Hymn | h1272",1
"724","Virgo verbo concepit virgo permansit virgo peperit regem omnium regum | Cantus ID 005456 | | Antiphon | h1283",3
"725","Virgo verbo concepit, virgo permansit, virgo peperit regem omnium regum | HORAE | Cantus ID 005456 | Short lesson | h1284",34
"726","Visita quaesumus, Domine, habitationem istam et omnes insidias inimici ab ea longe repelle | HORAE | | Oration | h1344",1
"727","Vos amici mei estis si feceritis quae praecipio vobis dicit dominus | Cantus ID 005492 | John 15:14 | Antiphon | h1287",1
"728","Vox Christi ad ecclesiam | HORAE | | Lesson | h1288",1
"729","Vox optantis Christi | HORAE | | Lesson | h1292",1
