"from","to"
"14","D_Poitiers"
"52","V_Paris"
"52","D_Paris"
"56","V_Paris"
"56","D_Paris"
"59","V_Roma"
"63","V_Besançon"
"63","D_Besançon"
"67","V_Besançon"
"68","V_Roma"
"68","D_Sarum"
"69","V_Rouen"
"69","D_Rouen"
"80","V_Paris"
"80","D_Paris"
"85","D_Lagny-sur-Marne, Saint-Pierre O.S.B."
"91","V_Roma"
"91","D_Roma"
"93","V_Roma"
"93","D_Roma"
"101","V_Roma"
"101","D_O.P."
"102","V_Paris"
"102","D_Paris"
"103","V_Paris"
"103","D_Paris"
"111","V_Sarum"
"115","V_Roma"
"115","D_Roma"
"116","V_Roma"
"116","D_Roma"
"118","V_Reims"
"118","D_Reims"
"131","V_Reims"
"132","V_Sarum"
"138","V_York"
"155","V_Amiens"
"156","V_Roma"
"156","D_Roma"
"185","V_Paris"
"185","D_Paris"
"186","V_Amiens"
"186","D_Amiens"
"188","V_Roma"
"188","D_Roma"
"190","V_Windesheim|Utrecht (Organisation)"
"192","V_Cambrai"
"196","V_Roma"
"196","D_Roma"
"200","V_Bruxelles, Sainte-Gudule O.S.A."
"201","V_Amiens"
"201","D_Amiens"
"203","V_Angers"
"203","D_Angers"
"205","V_Paris"
"205","D_Paris"
"209","V_Roma"
"213","V_Metz"
"215","V_Bruxelles, Sainte-Gudule O.S.A."
"216","V_Arras"
"217","V_Soignies, Saint-Vincent O.S.A."
"219","V_Liège"
"224","V_Tournai"
"227","V_Douai, Saint-Amé"
"230","V_Poitiers"
"231","V_Roma"
"231","D_Roma"
"236","V_Saint-Ghislain O.S.B."
"242","V_Paris"
"242","D_Paris"
"243","V_Saint-Omer"
"244","V_Liège"
"246","V_Köln"
"252","D_Liège"
"261","D_Mont-Saint-Eloi O.S.A."
"267","V_Cambrai"
"268","V_Nivelles, Sainte-Gertrude"
"270","V_Chalon-sur-Saône"
"273","V_Roma"
"275","V_Cambrai"
"275","D_Cambrai"
"291","V_Roma"
"299","V_Roma"
"299","D_Roma"
"309","V_Sarum"
"309","D_Sarum"
"314","V_Amiens"
"317","V_Roma"
"317","D_Roma"
"322","V_Lille, Saint-Pierre"
"322","D_Troyes"
"327","V_Cambrai"
"331","V_Roma"
"331","D_Roma"
"334","V_Roma"
"334","D_Roma"
"337","V_Roma"
"337","D_Roma"
"339","V_Roma"
"343","V_Roma"
"343","D_Roma"
"345","V_Nivelles, Sainte-Gertrude"
"345","D_Nivelles, Sainte-Gertrude"
"346","V_Roma"
"346","D_Roma"
"347","V_Tournai"
"353","V_Roma"
"368","V_Roma"
"368","D_Roma"
"369","V_Roma"
"370","V_Roma"
"370","D_Roma"
"373","V_Utrecht"
"374","V_Liège, Saint-Laurent O.S.B."
"375","V_Utrecht"
"379","V_Rouen"
"380","D_Roma"
"381","V_Autun"
"386","V_Tours"
"389","V_O.Carm."
"394","V_Sarum"
"406","V_Roma"
"406","D_Roma"
"415","V_Roma"
"443","V_Roma"
"443","D_Paris"
"449","V_Cambrai"
"449","D_Cambrai"
"450","V_Paris"
"451","V_Paris"
"451","D_Paris"
"452","V_Roma"
"453","V_Laon"
"454","V_Sarum"
"454","D_Sarum"
"455","V_Roma"
"455","D_Roma"
"456","V_Roma"
"456","D_Roma"
"457","V_Paris"
"457","D_Paris"
"459","V_Saint-Pierre-au-Bois O.S.B."
"461","V_Paris"
"461","D_Paris"
"462","V_Roma"
"463","D_Roma"
"464","V_Paris"
"464","D_Paris"
"478","V_Autun"
"492","V_Roma"
"492","D_Roma"
"493","V_Châlons-en-Champagne"
"493","D_Châlons-en-Champagne"
"494","V_Paris"
"495","V_Paris"
"504","V_Roma"
"521","V_Paris"
"522","V_Paris"
"522","D_Paris"
"523","V_Roma"
"523","D_Roma"
"524","V_Paris"
"525","V_Tours, Saint-Martin"
"526","V_Roma"
"527","V_Metz"
"528","V_O.P."
"529","V_Besançon"
"530","V_Roma"
"531","V_Rouen"
"532","V_Lisieux"
"533","V_O.P."
"534","V_Roma"
"541","V_Conques O.S.B."
"547","V_Besançon"
"610","V_Besançon"
"611","V_Le Mans"
"611","D_Le Mans"
"616","V_Roma"
"616","D_Tournai"
"627","V_Roma"
"632","D_O.Praem."
"633","V_Rennes"
"634","V_Sarum"
"643","V_Roma"
"643","D_Roma"
"662","D_Oxford, Saint Frideswide O.S.A."
"688","V_Paris"
"688","D_Paris"
"690","V_Tournai"
"710","V_Cambrai"
"710","D_Cambrai"
"711","V_Köln, Sankt Gertrud O.P."
"712","V_Metz"
"713","V_Trier"
"715","V_Amsterdam O.S.A."
"717","V_Utrecht"
"718","V_O.T."
"719","V_Köln, Sankt Cäcilien O.S.A."
"720","V_Köln, Sankt Maximin"
"723","V_Hildesheim"
"724","V_Liège O.S.A."
"725","V_Mons, Sainte-Waudru O.S.A."
"726","V_Köln, Sankt Maximin"
"734","V_Roma"
"734","D_Roma"
"741","D_Paris"
"742","V_Reims"
"742","D_Reims"
"743","V_Paris"
"743","D_Paris"
"753","D_Roma"
"754","D_Évreux"
"755","D_Orléans"
"756","D_Paris"
"758","D_Paris"
"763","D_Cambrai"
"768","D_Zürich, Grossmünster O.S.A."
"769","D_O.P."
"770","D_O.P."
"771","D_O.Cist."
"772","D_Utrecht"
"773","D_Roma"
"775","D_Utrecht"
"777","D_Paris"
"779","D_Roma"
"780","D_Roma"
"783","V_Châlons-en-Champagne"
"783","D_Châlons-en-Champagne"
"811","V_Metz"
"831","V_Paris"
"831","D_Paris"
"832","V_Dol"
"832","D_Nantes"
"833","V_Le Mans"
"833","D_Le Mans"
"835","V_Roma"
"835","D_Roma"
"836","V_Paris"
"836","D_Paris"
"837","V_Roma"
"837","D_Roma"
"838","V_Roma"
"839","V_Roma"
"839","D_Roma"
"840","V_Paris"
"840","D_Paris"
"841","V_Roma"
"841","D_Roma"
"842","V_Roma"
"843","V_Roma"
"843","D_Roma"
"844","V_Sarum"
"844","D_Sarum"
"850","V_Paris"
"850","D_Paris"
"859","V_Châlons-en-Champagne"
"859","D_Châlons-en-Champagne"
"874","V_Roma"
"874","D_Roma"
"882","V_Roma"
"882","D_Roma"
"893","V_O.P."
"915","V_Poitiers"
"926","V_Paris"
"926","D_Paris"
"927","V_Roma"
"927","D_Roma"
"928","V_Roma"
"928","D_Roma"
"929","V_Paris"
"942","D_Konstanz"
"946","D_Wien"
"946","V_O.Carm."
"947","D_O.Cist."
"949","D_Zwiefalten O.S.B."
"950","D_Blaubeuren O.S.B."
"951","D_O.S.Cl."
"952","D_Zwiefalten O.S.B."
"956","V_Roma"
"956","D_Roma"
"958","V_Lyon"
"960","D_Weingarten O.S.B."
"967","D_Ochsenhausen O.S.B."
"970","D_Trier, Sankt Irminen O.S.B."
"972","D_Troyes"
"974","V_Roma"
"976","D_Würzburg"
"977","V_Roma"
"977","D_Roma"
"978","V_Roma"
"978","D_Roma"
"979","V_Roma"
"981","V_Roma"
"981","D_Roma"
"982","V_Roma"
"983","V_Roma"
"984","V_Roma"
"985","V_Roma"
"987","V_Nantes"
"988","V_Cambrai"
"991","D_Roma"
"992","V_Troyes"
"993","D_Rouen"
"994","V_Bourges"
"997","V_Utrecht"
"998","D_Roma"
"1002","D_O.P."
"1003","D_Bremen"
"1005","V_Tours"
"1006","V_Paris"
"1007","V_Paris"
"1008","V_Paris"
"1009","D_Eichstätt"
"1010","D_Windesheim O.S.A."
"1011","D_Paris"
"1012","D_Paris"
"1013","V_Chalon-sur-Saône"
"1014","D_Rouen"
"1015","V_Autun"
"1016","V_Langres"
"1017","D_Roma"
"1018","D_Rouen"
"1019","D_Rouen"
"1020","V_Coutances"
"1022","V_Sarum"
"1023","V_Coutances"
"1024","D_Strasbourg"
"1032","V_Paris"
"1033","V_Paris"
"1049","V_Roma"
"1049","D_Roma"
"1052","V_Sarum"
"1052","D_Sarum"
"1061","V_Paris"
"1070","V_Viviers"
"1075","V_Paris"
"1075","D_Paris"
"1077","V_Roma"
"1077","D_Roma"
"1093","V_Paris"
"1095","V_Roma"
"1098","V_Paris"
"1100","V_Roma"
"1101","V_Roma"
"1101","D_Roma"
"1103","V_Roma"
"1103","D_Roma"
"1104","V_Roma"
"1111","V_Roma"
"1111","D_Roma"
"1113","D_Roma"
"1114","D_Roma"
"1115","D_Rouen"
"1117","D_O.P."
"1162","V_Tournai"
"1164","V_Amiens"
"1164","D_Paris"
"1165","V_Amiens"
"1166","D_Saint-Riquier"
"1171","V_Paris"
"1172","V_Roma"
"1173","V_Roma"
"1174","V_Roma"
"1175","V_Rouen"
"1176","V_Roma"
"1177","V_Le Mans"
"1178","V_Paris"
"1182","V_Roma"
"1192","V_Roma"
"1193","V_Paris"
"1194","V_Amiens"
"1195","V_Paris"
"1196","V_Amiens"
"1198","V_Roma"
"1199","V_Amiens"
"1200","V_Mons, Sainte-Waudru O.S.A."
"1202","V_Amiens"
"1203","V_Amiens"
"1204","V_Cluny O.S.B."
"1205","V_Amiens"
"1206","V_Troyes"
"1207","V_Roma"
"1208","V_Paris"
"1208","D_Paris"
"1209","V_Roma"
"1209","D_Roma"
"1211","V_Roma"
"1212","V_Roma"
"1213","V_Roma"
"1215","V_Angers"
"1216","V_Roma"
"1221","V_Maastricht, Sankt Servas O.S.A."
"1222","V_Angers"
"1223","V_Angers"
"1224","V_Angers"
"1225","V_Le Mans"
"1226","V_Angers"
"1227","V_Grandmont O.S.B."
"1228","V_Angers O.Carm."
"1228","D_O.Carm."
"1229","V_Roma"
"1230","V_Roma"
"1232","V_Paris"
"1233","V_Saint-Florent de Saumur O.S.B."
"1260","V_Roma"
"1261","V_Roma"
"1263","V_Roma"
"1265","V_Arras"
"1266","D_Paris"
"1267","V_Châlons-en-Champagne"
"1268","V_Arras, Saint-Vaast O.S.B."
"1269","V_Paris"
"1270","V_Arras"
"1272","V_Arras"
"1274","V_Thérouanne"
"1275","V_Thérouanne"
"1277","V_Roma"
"1278","V_Amiens"
"1280","V_Amiens"
"1280","D_Thérouanne"
"1281","V_Troyes"
"1282","D_Rouen"
"1283","V_Roma"
"1284","V_Paris"
"1285","V_Thérouanne"
"1286","V_Arras, Saint-Vaast O.S.B."
"1287","V_Thérouanne"
"1288","V_Arras"
"1289","V_Roma"
"1290","V_Châlons-en-Champagne"
"1292","V_Paris"
"1293","V_Liège"
"1295","V_Tournai"
"1296","V_Troyes"
"1307","V_Roma"
"1309","V_Paris"
"1311","V_O.F.M."
"1313","V_Bayeux"
"1317","V_Autun"
"1320","V_Troyes"
"1322","V_Roma"
"1330","D_Troyes"
"1330","V_Troyes"
"1340","D_Avignon O.Cael."
"1341","V_Roma"
"1342","V_Roma"
"1344","D_Köln"
"1345","V_Roma"
"1346","V_Paris"
"1347","D_Paris"
"1352","V_Roma"
"1355","V_Le Mans"
"1367","V_Angers"
"1373","D_Bayeux"
"1398","V_Tournai, Notre-Dame-du-Bon-Conseil O.S.A."
"1399","V_Genève"
"1400","V_O.F.M."
"1401","V_Autun"
"1401","D_Autun"
"1402","V_Autun"
"1402","D_Autun"
"1403","V_Paris"
"1404","V_Roma"
"1409","V_Roma"
"1410","V_Besançon"
"1411","V_Besançon"
"1412","V_Besançon"
"1413","V_Besançon"
"1414","V_Besançon"
"1415","V_Besançon"
"1416","V_Roma"
"1417","V_Poitiers"
"1418","D_Troyes"
"1419","V_Paris"
"1420","V_Roma"
"1421","V_Lyon"
"1422","V_Paris"
"1424","V_Roma"
"1425","V_Saintes"
"1426","V_Roma"
"1427","V_Roma"
"1428","V_Rouen"
"1429","V_Roma"
"1430","V_O.F.M."
"1431","V_Troyes"
"1432","V_Châlons-en-Champagne"
"1437","V_Orléans"
"1451","V_Amiens"
"1453","V_Poitiers"
"1455","V_Évreux"
"1457","V_Cambrai (O.S.A. ?)"
"1458","V_Tournai"
"1458","D_Roma"
"1459","V_Limoges"
"1460","V_York"
"1464","V_Noyon, Sainte-Godeberte"
"1466","V_Vierzon, Saint-Pierre O.S.B."
"1467","V_Bourges"
"1468","V_Bourges"
"1469","V_Bourges"
"1470","V_Bourges"
"1470","D_Bourges"
"1471","V_Rennes"
"1472","V_Rennes"
"1472","D_Rennes"
"1479","V_Limoges"
"1484","V_Bayeux"
"1495","V_Coutances"
"1495","D_Coutances"
"1496","D_Coutances"
"1502","V_Cambrai, Saint-Sépulcre O.S.B."
"1503","V_Cambrai"
"1504","V_Reims"
"1505","V_Roma"
"1505","D_Roma"
"1506","V_Roma"
"1507","V_Mons, Sainte-Waudru O.S.A."
"1509","V_Troyes"
"1510","V_Cambrai"
"1511","V_Roma"
"1511","D_Roma"
"1513","V_Cambrai"
"1517","V_Roma"
"1518","V_Paris"
"1519","V_Roma"
"1520","V_Le Puy-en-Velay"
"1521","V_Châlons-en-Champagne"
"1522","V_Roma"
"1523","V_Roma"
"1524","V_Paris"
"1525","V_Roma"
"1526","V_Lyon"
"1527","V_Roma"
"1528","V_Rouen"
"1531","V_Roma"
"1532","V_Mende"
"1533","V_Tours"
"1534","V_Châlons-en-Champagne"
"1536","V_Paris"
"1537","V_Troyes"
"1538","V_Thérouanne"
"1547","V_Châlons-en-Champagne"
"1547","D_Châlons-en-Champagne"
"1548","V_Paris"
"1550","V_Besançon"
"1551","V_Roma"
"1552","V_Rouen"
"1553","V_Besançon"
"1553","D_Besançon"
"1554","V_Lisieux"
"1556","V_Paris"
"1557","V_Châlons-en-Champagne"
"1568","V_Paris"
"1569","V_Troyes"
"1570","V_Roma"
"1570","D_Roma"
"1571","V_Roma"
"1571","D_Roma"
"1574","D_Trier"
"1575","V_Thérouanne"
"1576","V_Roma"
"1577","V_Paris"
"1577","D_Paris"
"1578","V_Paris"
"1578","D_Paris"
"1579","V_Paris"
"1579","D_Paris"
"1580","V_Troyes"
"1582","V_Roma"
"1583","D_Paris"
"1584","V_Roma"
"1585","V_Paris"
"1586","V_Roma"
"1588","V_Paris"
"1590","V_Roma"
"1592","V_Roma"
"1604","V_O.F.M."
"1606","V_Paris"
"1607","V_Paris"
"1621","V_Thérouanne"
"1628","V_Chartres"
"1631","V_Chalon-sur-Saône"
"1641","V_Roma"
"1642","V_Angers"
"1643","V_Chartres"
"1652","V_Roma"
"1659","V_Roma"
"1660","V_Roma"
"1661","V_Clermont"
"1662","V_Clermont"
"1665","V_O.Ant."
"1666","V_O.Ant."
"1667","V_Roma"
"1667","D_Roma"
"1668","V_Roma"
"1669","V_Clermont"
"1670","D_Chezal-Benoît O.S.B."
"1671","D_Clermont"
"1679","V_Roma"
"1679","D_Besançon"
"1680","V_O.Praem."
"1681","V_Roma"
"1692","V_Rouen"
"1693","V_Roma"
"1693","D_Roma"
"1694","V_O.F.M."
"1695","V_Langres"
"1697","V_Roma"
"1697","D_Roma"
"1698","V_Autun"
"1699","V_Roma"
"1700","V_Autun"
"1701","V_Rouen"
"1703","V_Bourges"
"1715","V_Paris"
"1716","V_Langres"
"1717","V_Paris"
"1718","V_Chalon-sur-Saône"
"1720","V_Tournai"
"1721","V_Roma"
"1722","V_Roma"
"1723","V_Amiens"
"1724","V_Paris"
"1725","V_Rouen"
"1726","V_Tournai"
"1727","V_Tournai"
"1728","V_Thérouanne"
"1729","V_Tournai"
"1731","V_Tournai"
"1732","V_Roma"
"1733","V_Tournai"
"1738","V_Roma"
"1738","D_Roma"
"1739","V_Roma"
"1739","D_Roma"
"1740","V_Roma"
"1741","V_Roma"
"1746","V_Toul"
"1749","V_Toul"
"1750","V_Roma"
"1751","V_Tours"
"1755","V_Lyre, Notre-Dame O.S.B."
"1758","V_Thérouanne"
"1759","V_Mont-Saint-Quentin O.S.B."
"1768","V_Tournai"
"1771","V_Roma"
"1771","D_Roma"
"1774","D_Ambronay O.S.B."
"1775","V_Paris"
"1777","V_Rouen"
"1781","V_Paris"
"1781","D_Paris"
"1783","V_Roma"
"1783","D_Roma"
"1784","V_Lyon"
"1784","D_Lyon"
"1788","V_Roma"
"1788","D_Roma"
"1792","V_Roma"
"1792","D_Roma"
"1793","D_Roma"
"1795","V_Embrun"
"1796","V_Roma"
"1802","D_Reims"
"1803","V_Paris"
"1804","V_Paris"
"1805","V_Rouen"
"1807","V_Troyes"
"1808","V_Roma"
"1812","V_Langres"
"1813","V_Tournai"
"1817","V_Roma"
"1819","V_Roma"
"1820","V_Angers"
"1821","V_Paris"
"1822","V_Le Mans"
"1823","V_Roma"
"1824","V_Coutances"
"1826","V_Sens"
"1828","V_Metz"
"1829","V_Bayeux"
"1830","V_Le Mans"
"1863","V_Roma"
"1863","D_Roma"
"1878","V_Roma"
"1879","V_Paris"
"1880","V_Besançon"
"1881","V_Lyon"
"1882","V_Lyon"
"1883","V_Tréguier"
"1884","V_Roma"
"1885","V_Roma"
"1886","V_Paris"
"1886","D_Paris"
"1887","V_Bourges"
"1888","V_Roma"
"1888","D_Roma"
"1889","V_Troyes"
"1890","V_Roma"
"1891","V_Roma"
"1891","D_Paris"
"1892","V_Roma"
"1893","V_Besançon"
"1893","D_Besançon"
"1894","V_Rouen"
"1895","V_Paris"
"1896","V_Paris"
"1897","V_Paris"
"1898","V_Tours"
"1899","V_Roma"
"1900","V_Lyon"
"1901","V_Paris"
"1902","V_Roma"
"1903","V_Rouen"
"1904","V_Paris"
"1907","V_Bourges"
"1908","V_Roma"
"1909","V_Avranches"
"1910","V_Lyon"
"1910","D_Lyon"
"1912","V_Roma"
"1912","D_Roma"
"1913","V_Roma"
"1914","V_Mâcon"
"1914","D_Mâcon"
"1915","V_Roma"
"1916","V_Paris"
"1917","V_Roma"
"1918","V_Mâcon"
"1919","V_Roma"
"1920","V_Mâcon"
"1921","V_Roma"
"1922","V_Autun"
"1923","V_Roma"
"1924","V_Roma"
"1925","V_Roma"
"1932","V_Roma"
"1933","V_Avranches"
"1934","V_Troyes"
"1935","D_Avranches"
"1949","V_Rennes"
"1950","D_Rennes"
"1951","D_Besançon"
"1952","V_Rennes"
"1953","V_Besançon"
"1956","V_O.F.M."
"1957","V_Roma"
"1958","V_Paris"
"1959","V_Paris"
"1964","V_Reuil O.S.B."
"1965","D_Châlons-en-Champagne"
"1966","V_Rouen"
"1967","V_Quimper"
"1971","D_Metz"
"1984","V_Roma"
"1985","V_Metz"
"1986","V_Metz"
"1986","D_Metz"
"1991","V_Lyon"
"1992","V_Lyon"
"1993","V_Roma"
"1998","V_Paris"
"1999","V_Rouen"
"2000","V_Paris"
"2002","V_Aniane O.S.B."
"2003","V_Maguelonne"
"2006","V_Rouen"
"2009","V_Roma"
"2011","V_Paris"
"2013","V_Roma"
"2014","V_Roma"
"2015","V_Nantes"
"2020","V_Paris"
"2024","V_Siegburg, Michaelsberg O.S.B."
"2026","V_Toul"
"2027","V_Toul"
"2028","V_Roma"
"2028","D_Roma"
"2047","V_Paris"
"2050","V_Bourges"
"2051","V_Orléans"
"2053","V_Paris"
"2054","V_Paris"
"2055","V_Paris"
"2057","V_Roma"
"2059","D_Troyes"
"2060","V_Roma"
"2061","V_Rouen"
"2062","V_Paris"
"2069","V_Roma"
"2072","V_Bayeux"
"2073","V_Paris"
"2076","V_Clermont"
"2077","V_Amiens"
"2078","V_Toulouse, Saint-Sernin O.S.A."
"2079","V_Roma"
"2080","V_Roma"
"2080","D_Roma"
"2085","V_Besançon"
"2085","D_Besançon"
"2086","V_Tournai"
"2089","V_Chartres"
"2090","V_Orléans"
"2092","V_Rennes"
"2093","V_Thérouanne"
"2096","V_Roma"
"2145","V_Roma"
"2147","V_Roma"
"2147","D_Roma"
"2148","V_Rouen"
"2149","V_Paris"
"2149","D_Paris"
"2150","V_Rouen"
"2151","V_Paris"
"2152","V_Paris"
"2153","V_Roma"
"2155","V_Roma"
"2155","D_Roma"
"2157","V_Augsburg, Sankt Ulrich und Afra O.S.B."
"2158","V_Roma"
"2160","V_Roma"
"2166","V_Paris"
"2174","V_Roma"
"2175","V_Roma"
"2176","V_Paris"
"2176","D_Paris"
"2177","V_Langres"
"2178","V_Rouen"
"2179","V_O.Cist."
"2180","V_Paris"
"2181","V_Amiens"
"2182","V_O.Cael."
"2183","D_Roma"
"2185","V_Paris"
"2186","V_Roma"
"2187","V_Paris"
"2188","V_Angers"
"2189","V_Paris"
"2190","V_Paris"
"2191","V_Thérouanne"
"2192","V_Roma"
"2193","V_Bayeux"
"2194","V_Paris"
"2195","V_Roma"
"2196","V_Coutances"
"2197","V_Paris"
"2198","V_Paris"
"2199","V_O.P."
"2200","V_Bayeux"
"2201","V_Meaux"
"2202","V_Bourges"
"2203","V_Troyes"
"2204","V_Roma"
"2205","V_Orléans"
"2206","V_Chartres"
"2207","V_Roma"
"2208","V_Toul"
"2209","V_Paris"
"2210","V_Rouen"
"2211","V_Rennes"
"2212","V_Paris"
"2215","V_Vendôme"
"2215","D_Troyes"
"2216","V_Sarum"
"2217","V_Langres"
"2218","V_Paris"
"2219","V_Rouen"
"2220","V_Rennes"
"2221","V_Thérouanne"
"2221","D_Reims"
"2222","V_Roma"
"2235","V_Dol"
"2236","V_Paris"
"2237","D_O.Carm."
"2238","V_Roma"
"2239","V_Besançon"
"2240","V_Roma"
"2241","D_O.F.M."
"2242","V_O.Cael."
"2243","V_Windesheim O.S.A."
"2244","V_Le Puy-en-Velay"
"2245","V_Reims"
"2247","V_Paris"
"2248","V_Roma"
"2249","V_Roma"
"2250","V_Paris"
"2251","V_Roma"
"2252","V_Rouen"
"2253","V_Roma"
"2254","V_Roma"
"2256","D_O.S.Salv."
"2257","V_Roma"
"2258","V_Paris"
"2259","V_Chartres"
"2260","V_Rouen"
"2262","V_Rouen"
"2263","V_Tours"
"2264","V_Paris"
"2265","V_Roma"
"2266","V_Roma"
"2267","V_Paris"
"2268","V_Tours"
"2269","V_O.P."
"2270","V_Roma"
"2271","V_Paris"
"2272","V_Paris"
"2273","V_Paris"
"2274","V_Paris"
"2275","V_Paris"
"2276","V_Coutances"
"2276","D_Coutances"
"2277","V_Tours"
"2278","V_Rouen"
"2278","D_Rouen"
"2279","D_Laon"
"2280","V_Paris"
"2281","V_Gent"
"2282","V_Paris"
"2283","V_Paris"
"2284","V_Roma"
"2285","V_Roma"
"2285","D_Roma"
"2286","V_Metz"
"2289","V_Roma"
"2290","V_Roma"
"2291","V_Rouen"
"2292","V_Angers"
"2293","V_Paris"
"2294","V_Rennes"
"2295","V_Besançon"
"2296","V_Autun"
"2297","V_Rouen"
"2298","V_Quimper"
"2299","V_Roma"
"2299","D_Roma"
"2300","D_Roma"
"2301","V_Roma"
"2302","V_Roma"
"2303","V_Paris"
"2304","V_Coutances"
"2305","V_Paris"
"2306","V_Roma"
"2307","V_Roma"
"2308","V_Paris"
"2309","V_Paris"
"2310","V_Chartres"
"2311","V_Paris"
"2312","V_Troyes"
"2313","V_Roma"
"2314","V_Roma"
"2315","V_Roma"
"2316","V_Roma"
"2317","V_Roma"
"2319","V_Paris"
"2320","V_Paris"
"2321","V_Roma"
"2322","V_Paris"
"2324","V_Paris"
"2325","V_Roma"
"2325","D_Roma"
"2326","V_Roma"
"2327","V_Roma"
"2328","V_Reims"
"2328","D_Reims"
"2329","V_Rouen"
"2330","V_Rouen"
"2331","V_Paris"
"2331","D_Paris"
"2332","V_Paris"
"2333","V_Roma"
"2333","D_Roma"
"2334","V_Paris"
"2336","V_Paris"
"2337","D_Châlons-en-Champagne"
"2338","V_Paris"
"2342","V_Roma"
"2343","V_Roma"
"2355","D_Toul"
"2358","D_Paris"
"2359","D_Tournai"
"2360","V_Saint-Brieuc"
"2361","V_Rouen"
"2363","V_Limoges"
"2364","V_Limoges"
"2365","V_Limoges"
"2369","V_Paris"
"2369","D_Paris"
"2370","V_Poitiers"
"2372","V_Troyes"
"2372","D_Troyes"
"2373","V_Paris"
"2374","V_Montiéramey O.S.B."
"2375","V_Saint-Denis O.S.B."
"2376","V_Guînes, Saint-Léonard-de-Guînes O.S.B."
"2377","V_Liège"
"2378","V_Roma"
"2380","V_Paris"
"2383","V_Roma"
"2385","V_Paris"
"2385","D_Paris"
"2386","V_Nantes"
"2386","D_Nantes"
"2388","V_Paris"
"2388","D_Paris"
"2389","V_Paris"
"2389","D_Paris"
"2390","V_Rouen"
"2393","V_Roma"
"2394","V_Rouen"
"2394","D_Rouen"
"2395","V_Châlons-en-Champagne"
"2395","D_Châlons-en-Champagne"
"2396","V_Besançon"
"2396","D_Besançon"
"2400","V_Paris"
"2400","D_Paris"
"2401","V_Roma"
"2401","D_Roma"
"2402","V_Paris"
"2403","V_Paris"
"2403","D_Paris"
"2405","V_Rouen"
"2408","V_Le Mans"
"2413","V_Paris"
"2413","D_Paris"
"2416","V_Roma"
"2416","D_Roma"
"2422","V_Thérouanne"
"2423","V_Avranches"
"2423","D_Sens"
"2424","V_Tours"
"2425","V_Tours"
"2426","V_Arras"
"2430","V_Meaux"
"2430","D_Meaux"
"2431","D_Évreux"
"2433","V_Roma"
"2433","D_Roma"
"2438","D_Paris"
"2441","V_Metz"
"2446","V_Rouen"
"2447","V_Orléans"
"2454","D_Chartres"
"2457","V_Paris"
"2457","D_Paris"
"2459","V_Rouen"
"2463","D_Saint-Pol-de-Léon"
"2465","V_Chartres"
"2466","V_Rouen"
"2467","V_Bourges"
"2470","V_Tournai"
"2471","D_Paris"
"2472","V_Amiens"
"2473","V_Lisieux"
"2474","V_Limoges"
"2478","V_O.Hosp."
"2479","V_Paris"
"2480","V_Quimper"
"2481","V_Metz"
"2484","V_Chartres"
"2485","V_Rouen"
"2487","V_Rouen"
"2488","V_Rouen"
"2492","V_Amiens"
"2492","D_Amiens"
"2494","V_Rouen"
"2495","D_Chartres"
"2496","V_Chartres"
"2499","V_Thérouanne"
"2500","V_Limoges"
"2502","V_Bayeux"
"2503","V_Bourges"
"2509","V_Paris"
"2509","D_Paris"
"2511","V_Roma"
"2511","D_Roma"
"2513","V_Le Mans"
"2518","D_Passau"
"2520","V_Paris"
"2522","V_Paris"
"2523","V_O.P."
"2524","V_Metz"
"2524","D_Metz"
"2525","V_Nantes"
"2526","V_Liège"
"2527","V_Amiens"
"2528","V_Roma"
"2528","D_Roma"
"2529","V_Lausanne O.S.A."
"2529","D_Lausanne O.S.A."
"2530","V_Paris"
"2531","V_Paris"
"2532","V_Paris"
"2533","V_Le Mans"
"2533","D_Angers"
"2534","V_Roma"
"2535","V_Paris"
"2536","V_Rouen"
"2537","V_Roma"
"2538","V_Paris"
"2539","V_Rouen"
"2540","V_Rouen"
"2541","V_Rennes"
"2549","V_Rouen"
"2558","V_Liège"
"2559","D_Saint-Amand-les-Eaux, Saint-Amand O.S.B."
"2560","V_Paris"
"2562","V_Amiens"
"2562","D_Amiens"
"2563","V_Roma"
"2564","V_Roma"
"2564","D_Roma"
"2568","V_Paris"
"2568","D_Paris"
"2569","V_Troyes"
"2570","V_Troyes"
"2572","V_Chalon-sur-Saône"
"2573","V_Paris"
"2573","D_Paris"
"2575","V_Rouen"
"2576","V_Rouen"
"2579","V_Toul"
"2581","V_Roma"
"2582","V_Rouen"
"2582","D_Rouen"
"2584","D_Sarum"
"2586","V_Paris"
"2586","D_Paris"
"2589","V_Châlons-en-Champagne"
"2593","D_Paris"
"2596","V_Amiens"
"2601","V_Le Mans"
"2606","V_Roma"
"2606","D_Roma"
"2607","V_Rouen"
"2608","V_Tournus"
"2609","V_Paris, Saint-Germain des Prés O.S.B."
"2610","V_Phalempin, Saint-Christophe O.S.A."
"2611","D_Paris, Saint-Victor O.S.A."
"2613","V_Orléans"
"2615","V_Thérouanne"
"2616","V_Rouen"
"2617","V_Tours"
"2620","V_Paris"
"2620","D_Paris"
"2621","D_Tours"
"2622","V_Paris"
"2622","D_Paris"
"2626","V_Troyes"
"2628","V_Reims"
"2632","V_Amiens"
"2633","V_Rennes"
"2637","D_Paris"
"2641","V_Conques O.S.B."
"2646","V_Rouen"
"2655","V_Roma"
"2660","V_Rouen"
"2661","V_Thérouanne"
"2663","V_Angers"
"2664","D_Poitiers, Saint-Croix O.S.B."
"2667","V_Autun"
"2672","V_Rennes"
"2674","V_Rouen"
"2675","V_Reims, Saint-Denis O.S.A."
"2677","D_Carcassonne"
"2678","V_Rouen"
"2681","V_Liège, Saint-Martin O.S.A."
"2685","V_Rouen"
"2686","V_Roma"
"2686","D_Roma"
"2689","V_Paris"
"2689","D_Paris"
"2691","V_Saint-Omer"
"2692","V_Roma"
"2692","D_Roma"
"2694","V_Paris"
"2694","D_Paris"
"2695","V_Roma"
"2695","D_Roma"
"2698","V_Paris"
"2698","D_Paris"
"2699","V_Roma"
"2700","V_Paris"
"2703","V_Besançon"
"2704","V_Alba Iulia"
"2707","V_Rouen"
"2713","V_Roma"
"2713","D_Roma"
"2719","V_Paris"
"2719","D_Troyes"
"2720","V_Rennes"
"2722","V_Roma"
"2722","D_Roma"
"2723","V_Coutances"
"2724","V_Roma"
"2726","V_Angers"
"2728","V_Roma"
"2728","D_Sarum"
"2730","V_Roma"
"2732","V_Roma"
"2732","D_Roma"
"2733","V_Roma"
"2733","D_Amiens"
"2737","V_Roma"
"2738","V_Troyes"
"2738","D_Troyes"
"2739","V_Paris"
"2740","V_Angers"
"2741","V_Roma"
"2741","D_Roma"
"2747","V_Paris"
"2747","D_Paris"
"2748","V_Paris"
"2748","D_Paris"
"2749","V_Amiens"
"2750","V_Coutances"
"2771","V_Chartres"
"2825","V_Roma"
"2826","V_Roma"
"2827","V_Nantes"
"2828","V_Troyes"
"2828","D_Troyes"
"2829","V_Paris"
"2830","V_Roma"
"2831","V_Rouen"
"2832","V_Rennes"
"2833","V_Beauvais"
"2834","V_O.Cart."
"2835","V_Roma"
"2836","V_Roma"
"2837","V_Paris"
"2838","V_Paris"
"2839","V_Paris"
"2839","D_Paris"
"2840","V_Rouen"
"2841","V_Tours"
"2842","V_Tours"
"2844","V_Le Mans"
"2845","V_Roma"
"2847","V_Paris"
"2848","V_Rouen"
"2849","V_Paris"
"2850","V_Limoges"
"2851","V_Paris"
"2852","V_Roma"
"2853","V_Poitiers"
"2854","V_Roma"
"2855","V_Bourges"
"2857","V_Tours"
"2858","V_Paris"
"2859","V_Paris"
"2860","V_Bayeux"
"2861","V_Paris"
"2861","D_Paris"
"2862","V_Paris"
"2863","V_Rouen"
"2864","V_Saint-Lô, Sainte-Croix O.S.A."
"2904","V_Metz"
"2906","D_Paris"
"2908","V_Nantes"
"2911","V_Rouen"
"2924","V_Châlons-en-Champagne"
"2924","D_Châlons-en-Champagne"
"2925","V_Besançon"
"2925","D_Besançon"
"2927","V_Chartres"
"2950","V_Roma"
"2950","D_Roma"
"2955","V_Roma"
"2955","D_Roma"
"2956","V_Paris"
"2957","V_Roma"
"2969","V_Paris"
"2969","D_Paris"
"2972","V_Amiens"
"2972","D_Amiens"
"2973","V_Paris"
"2974","V_Périgueux"
"2975","V_Auxerre"
"2977","V_Rouen"
"2983","V_Sens, Saint-Pierre-le-Vif O.S.B."
"2984","V_Rennes"
"2985","V_Rennes"
"2986","V_O.Cart."
"2987","V_Metz"
"2988","V_Nantes"
"2989","V_Paris, Saint-Victor O.S.A."
"2990","V_Roma"
"2991","V_Amiens"
"2992","V_Roma"
"2993","V_Nantes"
"2994","D_Lyon"
"2995","D_Bourges"
"2996","V_Rouen"
"2997","V_Saint-Pol-de-Léon"
"2998","V_Sarum"
"2999","V_Toul"
"3000","V_Besançon"
"3001","V_Thérouanne"
"3002","D_Thérouanne"
"3003","V_Vienne"
"3004","V_Poitiers"
"3005","V_Thérouanne"
"3006","V_Troyes"
"3007","V_Tournai"
"3008","V_Toul"
"3009","V_Paris"
"3010","V_Angers, Saint-Serge O.S.B."
"3011","V_Bourges"
"3012","V_Saint-Pol-de-Léon"
"3013","V_Paris"
"3014","V_Roma"
"3015","V_Thérouanne"
"3016","V_Roma"
"3017","V_Rouen"
"3018","V_Rouen"
"3019","V_Sarum"
"3020","V_Tournai"
"3021","V_Troyes"
"3022","V_Évreux"
"3023","V_Lisieux"
"3024","V_Sarum"
"3025","V_Autun"
"3026","V_Saintes"
"3027","V_Saint-Pol-de-Léon"
"3028","V_Bourges"
"3029","V_Péronne, Saint-Fursy"
"3030","V_Saintes"
"3031","V_Coutances"
"3032","V_Châlons-en-Champagne"
"3033","V_Le Mans"
"3034","V_Poitiers"
"3035","V_Toul"
"3036","V_Remiremont, Saint-Pierre O.S.A."
"3037","V_Walbourg, Sainte-Walbourg O.S.B."
"3038","V_Saint-Omer"
"3039","V_Roma"
"3040","V_Tournai"
"3041","V_Le Mans"
"3042","D_Rouen"
"3043","V_Dol"
"3044","V_Bourges"
"3045","V_Lyon"
"3047","V_Lausanne O.S.A."
"3048","V_Windesheim O.S.A."
"3049","D_Nantes"
"3050","V_Saintes"
"3052","D_Dijon"
"3053","D_Châlons-en-Champagne"
"3054","V_Mons, Sainte-Waudru O.S.A."
"3055","V_Dijon"
"3056","V_Reims"
"3057","V_Rouen"
"3058","V_Nantes"
"3062","V_Paris"
"3066","V_Poitiers"
"3067","V_Poitiers"
"3073","V_Roma"
"3074","V_Poitiers"
"3075","V_Paris"
"3076","V_Roma"
"3077","V_Saintes"
"3079","V_Roma"
"3080","V_Roma"
"3081","V_Roma"
"3082","V_Saintes"
"3083","V_Le Mans"
"3084","V_Saintes"
"3085","V_Tours"
"3086","V_Roma"
"3088","V_Roma"
"3115","V_Sarum"
"3117","V_Lisieux"
"3118","V_Roma"
"3119","V_Roma"
"3120","V_Roma"
"3121","V_Paris"
"3126","V_Reims"
"3126","D_Reims"
"3127","V_Reims"
"3127","D_Reims"
"3128","V_Évreux"
"3128","D_Évreux"
"3129","V_Reims"
"3130","V_Roma"
"3130","D_Roma"
"3133","V_Rennes"
"3164","V_Sarum"
"3165","V_Saintes"
"3176","V_Bourges"
"3177","V_Roma"
"3177","D_Roma"
"3182","V_Rouen"
"3183","V_Avranches"
"3186","V_Lisieux"
"3188","V_Avranches"
"3189","V_Évreux"
"3190","D_Toul"
"3191","V_Sarum"
"3193","V_Avranches"
"3194","V_Paris"
"3195","V_Lisieux"
"3196","V_Cluny O.S.B."
"3197","V_Évreux"
"3198","V_Bayeux"
"3199","V_Lisieux"
"3200","V_Rouen"
"3201","V_Rouen"
"3202","V_Rouen"
"3203","V_Rouen"
"3204","V_Rouen"
"3205","V_Lisieux"
"3206","V_Rouen"
"3207","V_Clermont"
"3208","V_Rouen"
"3209","V_Bayeux"
"3210","V_Chartres"
"3211","V_Rouen"
"3212","V_Rouen"
"3213","V_Rouen"
"3214","V_Rouen"
"3215","V_Rouen"
"3216","V_Paris"
"3218","V_Chartres"
"3221","V_Roma"
"3223","V_Sarum"
"3224","V_Thérouanne"
"3225","V_Roma"
"3226","V_Paris"
"3227","V_Paris"
"3228","V_Roma"
"3229","V_Roma"
"3230","V_Roma"
"3232","V_Châlons-en-Champagne"
"3233","V_Roma"
"3234","V_Mainz"
"3235","V_Amiens"
"3235","D_Amiens"
"3236","V_Rouen"
"3237","V_Paris"
"3239","D_Saint-Wandrille O.S.B."
"3245","V_Paris"
"3260","V_Thérouanne"
"3278","V_Paris"
"3287","V_Roma"
"3289","V_Paris"
"3290","V_Orléans"
"3291","V_Angers"
"3297","V_Toul"
"3298","V_O.P."
"3309","V_Saint-Riquier"
"3311","V_Roma"
"3312","V_Roma"
"3313","V_Rennes"
"3314","D_Roma"
"3317","V_Roma"
"3318","V_O.F.M."
"3322","V_Roma"
"3322","D_Roma"
"3325","V_Roma"
"3325","D_Roma"
"3328","V_Roma"
"3328","D_Roma"
"3329","V_Roma"
"3329","D_Roma"
"3335","V_Roma"
"3336","V_Roma"
"3336","D_Roma"
"3338","V_Paris"
"3339","V_Bayeux"
"3340","V_Rennes"
"3341","V_Roma"
"3342","V_Paris"
"3343","V_Paris"
"3344","V_Nantes"
"3345","V_O.F.M."
"3346","V_Tours"
"3347","V_O.F.M."
"3348","V_Tours, Saint-Julien O.S.B."
"3350","V_Mons, Sainte-Waudru O.S.A."
"3351","V_Roma"
"3352","V_Roma"
"3357","V_Roma"
"3361","V_Troyes"
"3362","V_Meaux"
"3363","D_Sion-en-Valais"
"3367","V_Troyes"
"3370","V_Troyes"
"3370","D_Troyes"
"3375","V_Paris"
"3376","V_Paris"
"3377","D_Limoges"
"3381","V_Paris"
"3384","V_Saint-Omer"
"3388","V_Orléans"
"3390","V_Rouen"
"3391","V_Paris"
"3392","V_Verdun"
"3403","V_Gray, Saint-Jean-Baptiste-Sainte-Elisabeth O.S.A."
"3404","V_Thérouanne"
"3414","V_Paris"
"3414","D_Paris"
"3425","D_Paris"
"3427","D_Roma"
"3430","V_Rouen"
"3482","V_Sarum"
"3482","D_Sarum"
"3484","V_Poitiers"
"3484","D_Nantes"
"3485","V_Coutances"
"3485","D_Coutances"
"3486","V_Paris"
"3486","D_Paris"
"3487","V_Paris"
"3487","D_Paris"
"3488","V_Roma"
"3488","D_Amiens"
"3489","V_Roma"
"3489","D_Roma"
"3490","V_Lille, Saint-Pierre"
"3492","V_Besançon"
"3492","D_Besançon"
"3493","V_Besançon"
"3495","V_Tournai"
"3496","V_Reims|Noyon (Organisation)"
"3496","D_Tournai"
"3497","V_Roma"
"3497","D_Roma"
"3498","V_Roma"
"3498","D_Roma"
"3499","V_Meaux"
"3499","D_Roma"
"3500","V_Roma"
"3503","V_Roma"
"3503","D_Roma"
"3515","D_Hasnon"
"3516","V_Roma"
"3516","D_Roma"
"3597","V_Sarum"
"3597","D_Sarum"
"3598","V_Sarum"
"3598","D_Sarum"
"3601","V_London O.Templ."
"3618","V_Paris"
"3648","V_Paris"
"3650","V_Roma"
"3650","D_Roma"
"3651","V_Paris"
"3651","D_Paris"
"3652","V_Paris"
"3652","D_Paris"
"3653","V_Évreux"
"3653","D_Évreux"
"3666","V_Roma"
"3668","V_Roma"
"3683","V_Rouen"
"3683","D_Rouen"
"3684","V_Coutances"
"3684","D_Coutances"
"3691","V_Sarum"
"3692","V_Sarum"
"3693","V_Sarum"
"3694","V_Roma"
"3695","V_Sarum"
"3696","V_Roma"
"3697","V_Paris"
"3699","V_Paris"
"3700","V_Tournai"
"3700","D_Tournai"
"3703","V_Roma"
"3704","V_Roma"
"3705","V_Paris"
"3706","V_Rouen"
"3712","V_Troyes"
"3712","D_Troyes"
"3755","V_Troyes"
"3755","D_Troyes"
"3766","V_Roma"
"3767","V_Paris"
"3767","D_Paris"
"3817","V_Sarum"
"3850","V_Sarum"
"3850","D_Sarum"
"3854","V_Roma"
"3883","V_Thérouanne|Amiens (Organisation)"
"3910","V_Roma"
"3951","V_Paris"
"3951","D_Paris"
"3962","V_Roma"
"3962","D_Roma"
"3969","V_Roma"
"3969","D_Roma"
"3973","V_Paris"
"3973","D_Paris"
"3976","V_Sarum"
"3976","D_Sarum"
"3977","V_Roma"
"3978","V_Roma"
"3978","D_Roma"
"3983","V_Paris"
"3983","D_Paris"
"3988","D_Lyon"
"3989","V_Paris"
"3989","D_Paris"
"3990","V_Roma"
"3990","D_Roma"
"3994","V_Thérouanne"
"3996","V_Amiens"
"4000","V_Besançon"
"4000","D_Besançon"
"4009","V_Roma"
"4013","V_Paris"
"4018","V_Roma"
"4018","D_Roma"
"4020","V_Köln"
"4020","D_Köln"
"4024","D_Liège, Saint-Martin O.S.A."
"4026","V_Nantes"
"4026","D_Nantes"
"4029","V_Paris"
"4029","D_Paris"
"4036","V_Paris"
"4036","D_Paris"
"4037","V_Amiens"
"4037","D_Amiens"
"4041","V_Roma"
"4041","D_Roma"
"4042","V_Sarum"
"4049","V_Roma"
"4049","D_Roma"
"4058","V_O.P."
"4058","D_O.P."
"4059","V_Roma"
"4059","D_Roma"
"4060","V_Roma"
"4060","D_Roma"
"4061","V_Roma"
"4061","D_Roma"
"4063","V_Roma"
"4063","D_Roma"
"4067","V_Saint-Omer"
"4069","V_Roma"
"4071","V_Roma"
"4071","D_Roma"
"4077","V_Roma"
"4077","D_Bourges"
"4098","V_Sarum"
"4098","D_Sarum"
"4109","V_Paris"
"4109","D_Paris"
"4113","D_Sarum"
"4118","V_Oxford, Saint Frideswide O.S.A."
"4135","V_Angers"
"4135","D_Angers"
"4137","V_Paris"
"4137","D_Paris"
"4138","V_Worms"
"4142","V_Paris"
"4142","D_Paris"
"4143","V_Roma"
"4143","D_Roma"
"4150","V_Ronse, Sint-Hermes"
"4150","D_Ronse, Sint-Hermes"
"4151","V_Sarum"
"4151","D_Sarum"
"4153","V_York"
"4154","V_Durham, Saint Cuthbert O.S.B."
"4163","D_Sarum"
"4170","V_Roma"
"4171","V_Roma"
"4175","V_Paris"
"4176","D_Roma"
"4177","V_Tours"
"4177","D_Tours"
"4180","V_Sarum"
"4180","D_Sarum"
"4181","V_Sarum"
"4181","D_Sarum"
"4182","V_Troyes"
"4182","D_Troyes"
"4183","V_Roma"
"4183","D_Roma"
"4185","V_Bourges"
"4185","D_Bourges"
"4189","V_Roma"
"4189","D_Roma"
"4191","V_Liège"
"4194","V_Troyes"
"4194","D_Troyes"
"4197","V_Paris"
"4197","D_Paris"
"4199","V_Besançon"
"4200","V_Paris"
"4200","D_Paris"
"4201","V_Roma"
"4201","D_Roma"
"4207","V_Roma"
"4207","D_Roma"
"4208","V_Paris"
"4208","D_Paris"
"4209","V_Orléans"
"4209","D_Paris"
"4210","D_Liège"
"4212","V_Brioude"
"4218","V_Toul"
"4218","D_Toul"
"4228","V_Bourges"
"4228","D_Bourges"
"4229","V_Angers"
"4231","V_Paris"
"4233","V_Roma"
"4233","D_Roma"
"4234","V_Nantes"
"4234","D_Nantes"
"4238","D_Angoulême"
"4239","V_Tiron, Sainte-Trinité O.S.B."
"4241","D_Chester, Saint Werburgh O.S.B."
"4251","V_Sarum"
"4251","D_Sarum"
"4253","V_Autun"
"4254","V_Sarum"
"4254","D_Sarum"
"4255","V_Sarum"
"4255","D_Sarum"
"4264","V_Roma"
"4274","V_Roma"
"4283","V_Roma"
"4283","D_Roma"
"4284","V_Roma"
"4284","D_Roma"
"4285","V_Roma"
"4285","D_Roma"
"4294","V_Bourges"
"4294","D_Bourges"
"4296","V_Paris"
"4296","D_Paris"
"4297","V_Paris"
"4297","D_Paris"
"4313","D_Sarum"
"4314","D_Sarum"
"4333","V_Amiens"
"4392","V_Roma"
"4392","D_Roma"
"4410","V_Paris"
"4410","D_Paris"
"4411","V_Troyes"
"4411","D_Troyes"
"4412","V_Roma"
"4412","D_Roma"
"4413","V_Sarum"
"4413","D_Sarum"
"4414","V_Bayeux"
"4414","D_Bayeux"
"4417","V_Rouen"
"4417","D_Rouen"
"4430","V_Roma"
"4430","D_Roma"
"4431","V_Roma"
"4431","D_Roma"
"4446","V_Roma"
"4446","D_Roma"
"4447","V_Paris"
"4447","D_Paris"
"4451","V_Tournai"
"4457","D_Utrecht"
"4459","D_Rouen"
"4472","V_Paris"
"4472","D_Paris"
"4492","V_Nantes"
"4492","D_Poitiers"
"4494","V_Sarum"
"4494","D_Sarum"
"4496","V_Sarum"
"4496","D_Sarum"
"4515","D_Rouen"
"4517","D_Mariënwater O.S.Salv."
"4519","V_Roma"
"4519","D_Roma"
"4520","V_Paris"
"4521","V_Roma"
"4521","D_Roma"
"4522","D_O.Carm."
"4542","V_Roma"
"4542","D_Roma"
"4543","V_Paris"
"4543","D_Paris"
"4544","V_Roma"
"4544","D_Roma"
"4546","V_Paris"
"4552","V_Paris"
"4570","V_Tournai"
"4578","D_Bologna"
"4630","V_Roma"
"4630","D_Roma"
"4637","V_Roma"
"4637","D_Roma"
"4639","V_Paris"
"4639","D_Paris"
"4641","V_Paris"
"4641","D_Paris"
"4642","V_Roma"
"4642","D_Arras"
"4643","V_Troyes"
"4643","D_Troyes"
"4644","V_Roma"
"4644","D_Roma"
"4647","V_Paris"
"4650","V_O.P."
"4652","V_Gent, Sint-Pieters O.S.B."
"4652","D_Gent, Sint-Pieters O.S.B."
"4655","V_Roma"
"4655","D_Roma"
"4657","V_Besançon"
"4658","V_Bayeux"
"4658","D_Bayeux"
"4660","V_Roma"
"4660","D_Roma"
"4673","V_Angers"
"4677","V_Roma"
"4677","D_Roma"
"4680","D_Sarum"
"4696","V_Roma"
"4696","D_Roma"
"4707","V_Paris"
"4737","V_Beauvais"
"4737","D_Beauvais"
"4738","V_Tournai"
"4741","V_Coutances"
"4741","D_Bretagne"
"4748","V_Paris"
"4748","D_Paris"
"4749","V_Paris"
"4749","D_Paris"
"4750","V_Paris"
"4750","D_Paris"
"4751","V_Roma"
"4751","D_Tournai"
"4752","V_Le Mans"
"4752","D_Le Mans"
"4754","V_Paris"
"4754","D_Paris"
"4758","V_Amiens"
"4779","V_Paris"
"4779","D_Paris"
"4783","V_Paris"
"4783","D_Paris"
"4788","D_Dol"
"4789","V_Paris"
"4799","V_Bruxelles, Sainte-Gudule O.S.A."
"4805","V_Châlons-en-Champagne"
"4805","D_Châlons-en-Champagne"
"4808","V_Pilton O.S.B."
"4814","V_Roma"
"4815","V_Roma"
"4820","V_Roma"
"4820","D_Roma"
"4824","V_Roma"
"4824","D_Roma"
"4829","V_Paris"
"4829","D_Paris"
"4831","V_Paris"
"4831","D_Paris"
"4838","V_Roma"
"4846","V_Paris"
"4855","D_Sarum"
"4877","V_Évreux"
"4877","D_Évreux"
"4882","V_Paris"
"4882","D_Paris"
"4883","V_Autun"
"4890","V_Paris"
"4890","D_Paris"
"4911","V_Sarum"
"4911","D_Sarum"
"4922","V_Lisieux"
"4926","V_Tournai"
"4926","D_Roma"
"4927","V_Amiens"
"4927","D_Amiens"
"4929","V_Roma"
"4929","D_Roma"
"4968","V_Paris"
"4968","D_Paris"
"4987","D_Liège"
"4988","D_Toul"
"4989","V_Toul"
"4990","V_Cambrai"
"4991","V_Sarum"
"4992","V_Sarum"
"4994","V_Paris"
"4994","D_Paris"
"4995","V_Reims"
"4995","D_Reims"
"4996","V_Langres"
"4996","D_Langres"
"4997","V_Paris"
"4997","D_Paris"
"4998","V_Metz"
"4998","D_Metz"
"4999","V_Roma"
"4999","D_Roma"
"5000","V_Roma"
"5000","D_Roma"
"5001","V_Bordeaux"
"5001","D_Bordeaux"
"5002","V_Roma"
"5002","D_Roma"
"5003","V_Tongeren O.S.A."
"5005","V_Roma"
"5006","V_Tournai"
"5008","V_Valenciennes, Saint-Jean-Baptiste O.S.A."
"5008","D_Valenciennes, Saint-Jean-Baptiste O.S.A."
"5009","V_Sarum"
"5009","D_Sarum"
"5010","V_Amiens"
"5011","D_O.P."
"5012","V_Roma"
"5012","D_Roma"
"5013","V_Roma"
"5014","V_Thérouanne|Amiens (Organisation)"
"5015","V_Roma"
"5016","V_Roma"
"5016","D_Roma"
"5018","V_Roma"
"5019","V_Sarum"
"5019","D_Sarum"
"5020","V_Amiens"
"5021","V_Angers"
"5022","V_Amiens"
"5023","V_Roma"
"5024","V_O.F.M."
"5025","V_Roma"
"5026","V_Paris"
"5027","V_Sarum"
"5028","V_Tours"
"5029","V_Metz"
"5030","V_Sarum"
"5031","V_Autun"
"5032","V_Beauvais"
"5032","D_Beauvais"
"5033","V_Roma"
"5033","D_Roma"
"5034","V_Roma"
"5034","D_Roma"
"5035","V_Sarum"
"5035","D_Sarum"
"5036","V_Roma"
"5037","V_Rouen"
"5038","V_Reims"
"5038","D_Reims"
"5039","V_Paris"
"5039","D_Paris"
"5040","D_Autun"
"5041","V_Paris"
"5041","D_Paris"
"5042","V_Roma"
"5043","V_Roma"
"5045","V_Amiens"
"5061","D_Roma"
"5062","D_Roma"
"5063","D_Roma"
"5064","V_Paris"
"5064","D_Paris"
"5065","V_Rouen"
"5066","V_Paris"
"5066","D_Paris"
"5067","V_Paris"
"5068","V_Sarum"
"5068","D_Sarum"
"5071","V_Sarum"
"5072","V_Amiens"
"5073","V_Paris"
"5074","V_Roma"
"5075","V_Nevers"
"5076","V_Roma"
"5077","V_Chartres"
"5079","V_Paris"
"5080","V_Roma"
"5081","V_Rennes"
"5086","D_Aosta"
"5087","D_Aosta"
"5088","V_Aosta"
"5129","V_Roma"
"5129","D_Roma"
"5163","D_O.F.M."
"5164","D_O.F.M."
"5245","V_Paris"
"5245","D_Paris"
"5268","V_Paris"
"5268","D_Paris"
"5279","V_Roma"
"5280","V_Roma"
"5280","D_Roma"
"5282","D_Lyon"
"5311","V_Paris"
"5311","D_Paris"
"5316","V_Chartres"
"5341","V_Roma"
"5341","D_Roma"
"5345","V_Roma"
"5345","D_Roma"
"5350","V_Rennes"
"5389","V_Rouen"
"5389","D_Rouen"
"5390","V_Roma"
"5390","D_Roma"
"5421","V_Paris"
"5452","V_Roma"
"5452","D_Roma"
"5459","V_Paris"
"5459","D_Paris"
"5564","V_Paris"
"5564","D_Paris"
"5568","D_Roma"
"5587","D_Besançon"
"5589","V_Besançon"
"5590","V_Roma"
"5590","D_Roma"
"5591","V_Chalon-sur-Saône"
"5604","D_Aquileia"
"5682","V_O.F.M."
"5692","V_Paris"
"5692","D_Paris"
"5693","V_Roma"
"5693","D_Tournai"
"5695","D_Roma"
"5696","V_Roma"
"5696","D_Roma"
"5697","V_O.S.A."
"5699","D_O.Praem."
"5700","D_Utrecht"
"5701","D_Utrecht"
"5715","V_Paris"
"5715","D_Paris"
"5724","D_Utrecht"
"5729","V_Paris"
"5729","D_Paris"
"5738","V_Troyes"
"5739","V_Paris"
"5739","D_Paris"
"5744","V_Besançon"
"5744","D_Besançon"
"5745","V_Paris"
"5746","V_Paris"
"5746","D_Paris"
"5747","V_Roma"
"5747","D_Roma"
"5748","D_O.P."
"5751","V_Roma"
"5751","D_Roma"
"5753","V_Troyes"
"5754","V_Roma"
"5754","D_Roma"
"5755","V_Roma"
"5755","D_Roma"
"5756","V_Maeseyck O.S.A."
"5760","V_Roma"
"5760","D_Roma"
"5767","V_Roma"
"5767","D_Roma"
"5780","D_Liège"
"5781","V_Roma"
"5791","V_Utrecht"
"5792","V_Reims"
"5792","D_Reims"
"5794","D_Roma"
"5797","D_Utrecht"
"5798","V_Paris"
"5798","D_Paris"
"5945","V_Roma"
"5945","D_Roma"
"5946","D_Roma"
"5947","D_Roma"
"5950","D_Utrecht"
"5951","D_Reims"
"5953","D_Gravenhage ('s)"
"5955","V_Roma"
"5955","D_Roma"
"5956","V_Sarum"
"5956","D_Sarum"
"5957","V_Roma"
"5957","D_Roma"
"5959","V_Roma"
"5959","D_Roma"
"5960","V_Roma"
"5960","D_Roma"
"5961","D_Roma"
"5962","V_Utrecht"
"5963","V_Watten O.S.A."
"5966","D_Utrecht"
"5969","V_Roma"
"5969","D_Roma"
"6005","V_Roma"
"6005","D_Roma"
"6006","V_Roma"
"6006","D_Roma"
"6011","V_Paris"
"6012","V_Paris"
"6012","D_Paris"
"6013","V_Roma"
"6013","D_Roma"
"6014","V_Roma"
"6014","D_Roma"
"6025","D_Roma"
"6028","D_Narbonne"
"6030","D_Rouen"
"6031","V_Roma"
"6031","D_Roma"
"6032","D_Rouen"
"6033","D_Roma"
"6035","D_Paris"
"6038","V_Roma"
"6038","D_Roma"
"6039","D_O.S.Cl."
"6043","V_Roma"
"6043","D_Roma"
"6044","V_Roma"
"6044","D_Roma"
"6045","V_Paris"
"6045","D_Paris"
"6046","V_Roma"
"6046","D_Roma"
"6047","V_Roma"
"6047","D_Roma"
"6048","V_Paris"
"6048","D_Paris"
"6056","V_Roma"
"6056","D_Roma"
"6057","V_Roma"
"6068","V_Amiens"
"6070","V_Tournai"
"6070","D_Tournai"
"6092","V_Roma"
"6093","V_Thérouanne"
"6095","V_Roma"
"6096","V_Roma"
"6097","V_Tournai"
"6100","V_Tours"
"6108","V_Roma"
"6117","V_Roma"
"6137","V_Angers"
"6146","D_O.S.Salv."
"6150","D_Paris"
"6152","D_Roma"
"6153","D_Sion-en-Valais"
"6159","D_O.F.M."
"6174","D_Soissons"
"6180","D_Tournai, Notre-Dame-du-Bon-Conseil O.S.A."
"6190","V_Metz, Saint-Sauveur O.S.A."
"6206","V_Arras"
"6209","V_Roma"
"6210","V_Windesheim|Utrecht (Organisation)"
"6210","D_Utrecht"
"6223","V_Roma"
"6223","D_Roma"
"6224","V_Roma"
"6224","D_Saint-Riquier"
"6226","V_Roma"
"6226","D_Roma"
"6234","V_Roma"
"6234","D_Bourges"
"6237","V_Roma"
"6238","V_Paris"
"6238","D_Paris"
"6240","V_Rouen"
"6240","D_Roma"
"6244","D_O.Praem."
"6248","V_Roma"
"6248","D_Roma"
"6250","V_Poitiers"
"6250","D_Poitiers"
"6258","V_Roma"
"6258","D_Roma"
"6266","V_Paris"
"6266","D_Paris"
"6275","V_Paris"
"6275","D_Paris"
"6279","V_Paris"
"6279","D_Paris"
"6282","V_Paris"
"6282","D_Paris"
"6285","V_Roma"
"6285","D_O.P."
"6286","V_Rouen"
"6286","D_Rouen"
"6287","V_Paris"
"6287","D_Paris"
"6289","V_Amiens"
"6289","D_Amiens"
"6290","V_Roma"
"6290","D_Roma"
"6296","V_Reims"
"6296","D_Reims"
"6298","V_Paris"
"6298","D_Paris"
"6299","V_Mons, Sainte-Waudru O.S.A."
"6299","D_Mons, Sainte-Waudru O.S.A."
"6301","V_Paris"
"6301","D_Paris"
"6303","V_Paris"
"6303","D_Paris"
"6305","V_Besançon"
"6308","V_Roma"
"6308","D_Roma"
"6313","D_O.Cart."
"6314","V_Paris"
"6314","D_Paris"
"6315","V_Paris"
"6315","D_Paris"
"6316","V_Roma"
"6316","D_Paris"
"6317","V_Roma"
"6317","D_Roma"
"6319","D_Roma"
"6344","V_Roma"
"6344","D_Roma"
"6349","V_O.P."
"6367","D_Liège"
"6369","V_Troyes"
"6369","D_Troyes"
"6390","V_Roma"
"6390","D_Roma"
"6391","V_Roma"
"6391","D_Roma"
"6392","V_Sarum"
"6392","D_Sarum"
"6407","V_Rennes"
"6407","D_Rennes"
"6410","V_Roma"
"6410","D_Roma"
"6412","V_Tournai"
"6412","D_Tournai"
"6425","V_Roma"
"6425","D_Roma"
"6439","V_Roma"
"6440","V_Paris"
"6440","D_Paris"
"6456","V_Paris"
"6462","V_Roma"
"6463","V_Rouen"
"6464","V_Roma"
"6465","V_Troyes"
"6466","V_Orléans"
"6467","V_Roma"
"6468","V_Roma"
"6469","V_Roma"
"6469","D_Roma"
"6480","V_Roma"
"6480","D_Roma"
"6481","V_Roma"
"6481","D_Roma"
"6482","V_Paris"
"6484","V_Paris"
"6485","D_Paris"
"6490","V_Paris"
"6490","D_Paris"
"6494","V_Roma"
"6511","V_Roma"
"6511","D_Roma"
"6513","V_Roma"
"6542","V_Roma"
"6542","D_Roma"
"6549","V_Roma"
"6549","D_Roma"
"6550","V_Roma"
"6550","D_Roma"
"6553","V_Amiens|Thérouanne (Organisation)"
"6554","V_Roma"
"6554","D_Roma"
"6564","V_Rouen"
"6564","D_Rouen"
"6574","V_Châlons-en-Champagne"
"6577","V_Roma"
"6577","D_Roma"
"6581","V_Roma"
"6597","V_Paris"
"6597","D_Paris"
"6598","V_Paris"
"6598","D_Paris"
"6599","V_Paris"
"6599","D_Paris"
"6608","V_Roma"
"6608","D_Roma"
"6613","V_Amiens"
"6613","D_Roma"
"6614","V_Roma"
"6614","D_Roma"
"6625","V_Roma"
"6625","D_Roma"
"6626","V_Roma"
"6626","D_Roma"
"6640","V_Sarum"
"6641","V_Roma"
"6641","D_Roma"
"6642","V_Sarum"
"6642","D_Sarum"
"6643","V_Roma"
"6646","V_Paris"
"6646","D_Paris"
"6647","V_Paris"
"6647","D_Paris"
"6648","V_Roma"
"6648","D_Roma"
"6649","V_Roma"
"6649","D_Roma"
"6650","V_Roma"
"6650","D_Roma"
"6654","V_Amiens"
"6655","V_Le Mans"
"6656","V_Paris"
"6656","D_Paris"
"6657","V_Paris"
"6657","D_Paris"
"6658","V_Paris"
"6658","D_Paris"
"6659","V_Roma"
"6659","D_Roma"
"6660","V_Sarum"
"6660","D_Sarum"
"6661","V_Poitiers"
"6666","V_Roma"
"6666","D_Roma"
"6674","V_Roma"
"6674","D_Châlons-en-Champagne"
"6692","V_Nevers"
"6696","V_Paris"
"6696","D_Paris"
"6698","V_Amiens"
"6698","D_Amiens"
"6703","V_Metz"
"6703","D_Metz"
"6704","V_Besançon"
"6704","D_Besançon"
"6717","V_Paris"
"6717","D_Paris"
"6718","V_Paris"
"6718","D_Paris"
"6719","V_Paris"
"6719","D_Paris"
"6720","V_Troyes"
"6720","D_Troyes"
"6721","D_Roma"
"6722","V_Paris"
"6741","V_Paris"
"6741","D_Paris"
"6744","V_Paris"
"6744","D_Paris"
"6745","V_O.P."
"6747","D_Senlis"
"6748","V_Paris"
"6748","D_Paris"
"6749","V_Orléans"
"6749","D_Orléans"
"6750","V_Windesheim|Utrecht (Organisation)"
"6750","D_Utrecht"
"6751","V_Sarum"
"6751","D_Sarum"
"6754","V_Roma"
"6757","V_Rouen"
"6757","D_Rouen"
"6759","V_Reims"
"6759","D_Reims"
"6760","V_Paris"
"6760","D_Paris"
"6762","V_Roma"
"6762","D_Roma"
"6763","V_Paris"
"6763","D_Paris"
"6765","V_Roma"
"6766","V_Roma"
"6766","D_Roma"
"6767","V_Roma"
"6767","D_Roma"
"6768","V_Roma"
"6773","V_Roma"
"6773","D_Roma"
"6774","V_Rouen"
"6774","D_Rouen"
"6775","V_Besançon"
"6775","D_Besançon"
"6776","V_Roma"
"6776","D_Roma"
"6777","V_Roma"
"6777","D_Roma"
"6778","V_Roma"
"6778","D_Roma"
"6779","V_Rouen"
"6780","V_Roma"
"6780","D_Roma"
"6781","V_Sarum"
"6781","D_Roma"
"6785","V_Roma"
"6785","D_Roma"
"6786","V_Roma"
"6786","D_Roma"
"6789","V_Orléans"
"6789","D_Orléans"
"6790","V_Reims"
"6790","D_Reims"
"6791","V_Nantes"
"6792","V_Roma"
"6792","D_Roma"
"6793","V_Roma"
"6793","D_Roma"
"6795","V_Paris"
"6795","D_Paris"
"6796","V_Roma"
"6798","V_Roma"
"6801","V_Roma"
"6801","D_Roma"
"6802","V_Lyon"
"6802","D_Lyon"
"6803","V_Dol|Rennes (Organisation)"
"6804","V_Roma"
"6804","D_Roma"
"6805","V_Metz"
"6805","D_Metz"
"6806","V_Roma"
"6806","D_Roma"
"6807","D_Verdun"
"6810","V_Tours"
"6810","D_Tours"
"6812","V_Roma"
"6812","D_Roma"
"6813","V_Sarum"
"6813","D_Sarum"
"6814","V_Thérouanne"
"6814","D_Cambrai"
"6815","V_Sarum"
"6815","D_Sarum"
"6816","V_Rouen"
"6816","D_Rouen"
"6817","V_Troyes|Sens (Organisation)"
"6817","D_Troyes"
"6818","V_Rouen"
"6818","D_Rouen"
"6819","V_Chalon-sur-Saône"
"6819","D_Chalon-sur-Saône"
"6820","V_Rouen"
"6820","D_Rouen"
"6822","V_Rouen"
"6822","D_Rouen"
"6823","V_Rouen"
"6823","D_Rouen"
"6824","V_Roma"
"6824","D_Roma"
"6826","V_Paris"
"6826","D_Paris"
"6827","V_Roma"
"6827","D_Roma"
"6828","V_Roma"
"6828","D_Roma"
"6829","V_Le Mans"
"6829","D_Tours"
"6830","V_Dol"
"6830","D_Sarum"
"6832","V_Rouen"
"6833","V_Roma"
"6834","V_Rouen"
"6834","D_Rouen"
"6835","V_Rouen"
"6835","D_Rouen"
"6836","V_O.F.M."
"6837","V_Lisieux"
"6837","D_Sarum"
"6838","V_Rennes|Dol (Organisation)"
"6838","D_Rennes"
"6839","V_Rouen"
"6839","D_Rouen"
"6840","V_Évreux"
"6840","D_Évreux"
"6841","V_Paris"
"6841","D_Paris"
"6844","V_Roma"
"6844","D_Roma"
"6846","V_Paris"
"6847","V_Paris"
"6847","D_Paris"
"6848","V_Besançon"
"6849","V_Paris"
"6849","D_Paris"
"6850","V_Amiens"
"6850","D_Roma"
"6851","V_Paris"
"6851","D_Paris"
"6852","V_Rouen"
"6852","D_Rouen"
"6853","V_O.Cart."
"6853","D_O.Cart."
"6854","V_Rouen"
"6854","D_Rouen"
"6858","V_Paris"
"6858","D_Paris"
"6859","V_Roma"
"6859","D_Roma"
"6862","V_Orléans"
"6862","D_Angers"
"6863","V_Angers"
"6863","D_Angers"
"6864","V_Roma"
"6864","D_Roma"
"6866","V_Paris"
"6866","D_Paris"
"6871","V_Rouen"
"6871","D_Rouen"
"6873","V_Roma"
"6874","V_Langres"
"6874","D_Langres"
"6875","V_Roma"
"6875","D_Roma"
"6877","V_Paris"
"6877","D_Paris"
"6878","V_Roma"
"6879","V_Roma"
"6879","D_Roma"
"6880","V_Roma"
"6882","V_Roma"
"6882","D_Roma"
"6883","V_Roma"
"6883","D_Roma"
"6885","V_Besançon"
"6886","V_Paris"
"6886","D_Paris"
"6887","V_Roma"
"6887","D_Roma"
"6892","V_Rouen"
"6892","D_Rouen"
"6897","V_Roma"
"6897","D_Roma"
"6898","V_Roma"
"6898","D_Roma"
"6899","V_Roma"
"6899","D_Roma"
"6900","V_Roma"
"6900","D_Roma"
"6901","V_Roma"
"6901","D_Roma"
"6904","V_Paris"
"6904","D_Paris"
"6905","V_Paris"
"6905","D_Paris"
"6906","V_Paris"
"6906","D_Paris"
"6907","V_Roma"
"6908","V_Chartres"
"6908","D_Tours"
"6909","V_Roma"
"6909","D_Roma"
"6910","V_Ortulus Anime, Strasbourg, Wilhelm Schaffener, 1498"
"6910","D_Roma"
"6911","V_Roma"
"6912","V_Roma"
"6912","D_Roma"
"6913","V_Roma"
"6913","D_Roma"
"6914","V_Arras"
"6914","D_Arras"
"6918","V_Paris"
"6918","D_Paris"
"6919","V_Paris"
"6919","D_Paris"
"6921","V_Paris"
"6921","D_Paris"
"6922","D_Windesheim"
"6924","V_Poitiers"
"6924","D_Poitiers"
"6926","V_Tours"
"6926","D_Tours"
"6928","V_Nantes"
"6928","D_Nantes"
"6929","V_Roma"
"6929","D_Roma"
"6930","V_Roma"
"6930","D_Roma"
"6931","V_Roma"
"6931","D_Roma"
"6932","V_Paris"
"6932","D_Paris"
"6933","V_Roma"
"6940","D_Poitiers"
"6944","V_Sarum"
"6944","D_Sarum"
"6945","V_Roma"
"6945","D_Mariënwater O.S.Salv."
"6946","V_Besançon"
"6948","V_Roma"
"6948","D_Roma"
"6949","V_Windesheim|Utrecht (Organisation)"
"6954","V_Windesheim|Utrecht (Organisation)"
"6954","D_Utrecht"
"6956","V_Châlons-en-Champagne"
"6956","D_Châlons-en-Champagne"
"6957","V_Arras"
"6958","V_Roma"
"6959","V_Paris"
"6959","D_Paris"
"6960","V_Roma"
"6960","D_Roma"
"6961","V_Paris"
"6961","D_Paris"
"6962","V_Paris"
"6962","D_Paris"
"6963","V_Angers"
"6964","V_Roma"
"6973","V_Lyon"
"6973","D_Lyon"
"6974","V_Roma"
"6974","D_Roma"
"6975","V_Roma"
"6975","D_Roma"
"6982","V_Roma"
"6982","D_Roma"
"6986","V_Besançon"
"7003","V_Paris"
"7005","V_Paris"
"7005","D_Paris"
"7008","V_Paris"
"7008","D_Paris"
"7014","V_Amiens"
"7017","V_Tournai"
"7019","V_Besançon"
"7020","V_Coutances"
"7020","D_Coutances"
"7021","D_Roma"
"7024","V_Paris"
"7024","D_Paris"
"7050","V_Tours"
"7050","D_Tours"
"7051","V_Roma"
"7051","D_Roma"
"7058","V_Roma"
"7058","D_Roma"
"7059","V_Amiens"
"7059","D_Amiens"
"7061","V_Roma"
"7073","V_Roma"
"7073","D_Roma"
"7080","V_Le Mans"
"7082","V_Paris"
"7082","D_Paris"
"7083","V_Roma"
"7083","D_Roma"
"7084","V_Paris"
"7084","D_Paris"
"7124","V_Bourges"
"7125","V_Bourges"
"7126","V_Paris"
"7126","D_Paris"
"7127","V_Roma"
"7138","V_Roma"
"7145","V_Rennes"
"7145","D_Rennes"
"7146","V_Paris"
"7146","D_Paris"
"7147","V_Paris"
"7147","D_Paris"
"7154","V_Roma"
"7154","D_Roma"
"7155","V_Paris"
"7155","D_Paris"
"7156","V_Roma"
"7156","D_Roma"
"7157","V_Roma"
"7157","D_Poitiers"
"7158","V_Paris"
"7179","V_Rouen"
"7191","V_Paris"
"7191","D_Paris"
"7192","V_Toul"
"7192","D_Toul"
"7193","D_Paris"
"7194","V_Paris"
"7194","D_Paris"
"7195","V_Troyes"
"7195","D_Troyes"
"7196","V_Roma"
"7197","V_Paris"
"7197","D_Paris"
"7198","V_Rouen"
"7198","D_Rouen"
"7199","V_Roma"
"7199","D_Roma"
"7205","D_Mons, Sainte-Waudru O.S.A."
"7215","V_Paris"
"7215","D_Paris"
"7216","V_Mons, Sainte-Waudru O.S.A."
"7217","V_Roma"
"7217","D_Roma"
"7224","V_Sarum"
"7224","D_Sarum"
"7226","V_Paris"
"7227","V_Paris"
"7227","D_Paris"
"7231","V_Roma"
"7231","D_Roma"
"7233","V_Sarum"
"7233","D_Sarum"
"7234","V_Amiens"
"7234","D_Amiens"
"7237","D_Paris"
"7238","V_Windesheim|Utrecht (Organisation)"
"7238","D_Windesheim"
"7241","V_Roma"
"7241","D_Roma"
"7243","V_Roma"
"7244","D_Besançon"
"7247","V_Besançon"
"7247","D_Besançon"
"7248","V_Paris"
"7248","D_Paris"
"7254","V_Roma"
"7254","D_Roma"
"7255","V_Roma"
"7255","D_Roma"
"7257","V_Paris"
"7257","D_Paris"
"7260","D_Paris"
"7261","V_Roma"
"7261","D_Roma"
"7264","V_Roma"
"7265","V_Paris"
"7265","D_Paris"
"7274","V_Saint-Quentin"
"7275","D_O.F.M."
"7276","V_Roma"
"7276","D_Roma"
"7290","V_Sarum"
"7290","D_Utrecht"
"7306","V_Rennes"
"7313","V_Roma"
"7313","D_Roma"
"7320","V_Amiens|Thérouanne (Organisation)"
"7330","V_Roma"
"7330","D_Amiens"
"7346","V_Roma"
"7346","D_Roma"
"7347","V_Rouen"
"7347","D_Rouen"
"7348","V_Roma"
"7348","D_Roma"
"7349","V_Amiens"
"7349","D_Amiens"
"7350","V_Roma"
"7350","D_Mons, Sainte-Waudru O.S.A."
"7351","V_Cambrai"
"7352","V_Roma"
"7353","V_Roma"
"7353","D_Roma"
"7354","V_Cambrai"
"7355","V_Roma"
"7357","V_Roma"
"7357","D_Roma"
"7358","V_Roma"
"7358","D_Roma"
"7360","D_Paris"
"7362","V_Roma"
"7362","D_Roma"
"7365","V_Roma"
"7366","V_Roma"
"7367","V_Roma"
"7374","V_Roma"
"7374","D_Roma"
"7375","V_Roma"
"7377","V_Angers"
"7378","V_Napoli, San Gregorio O.S.B."
"7380","V_Paris"
"7384","V_Roma"
"7386","V_Roma"
"7391","D_Roma"
"7392","D_O.F.M."
"7393","V_Roma"
"7399","V_Roma"
"7399","D_Roma"
"7406","D_Genève"
"7407","V_Roma"
"7408","V_Roma"
"7409","V_Bursfeld O.S.B."
"7410","V_Roma"
"7412","V_Aosta"
"7413","V_Roma"
"7417","V_Roma"
"7423","V_Paris"
"7427","V_Blois, Saint-Laumer O.S.B."
"7428","V_Besançon"
"7428","D_Roma"
"7429","V_Roma"
"7430","V_Roma"
"7433","V_Metz"
"7434","V_Paris"
"7436","V_Roma"
"7438","V_Roma"
"7439","V_Roma"
"7440","V_Roma"
"7442","V_Roma"
"7444","V_Roma"
"7453","D_Regensburg"
"7457","V_Roma"
"7460","V_Roma"
"7463","V_O.T."
"7464","V_Rouen"
"7465","V_Poitiers"
"7469","V_Paris"
"7472","V_Roma"
"7473","V_Sarum"
"7476","V_Roma"
"7476","D_Roma"
"7484","D_Dortmund, Sankt Katherina Opraem"
"7489","V_Roma"
"7492","V_Paris"
"7493","V_O.P."
"7496","V_Roma"
"7496","D_Roma"
"7498","V_Roma"
"7502","V_Paris"
"7504","V_Roma"
"7506","V_Venezia, Santa Maria delle Virgini O.S.A."
"7507","V_Roma"
"7509","V_Mons, Sainte-Waudru O.S.A."
"7511","V_Thérouanne"
"7511","D_Thérouanne"
"733452","V_Paris"
"733452","D_Paris"
"734419","V_Roma"
"734786","D_Rouen"
