"","x"
"1","CAMBR193"
"2","CAMBR235"
"3","CAMBR46"
"4","CAMBR37"
"5","CAMBR93"
"6","CAMBR35"
"7","CAMBR1233"
"8","ARS604"
"9","CAMBR33"
"10","CAMBR29"
"11","CAMBR106"
"12","CAMBR135"
"13","METZ582"
"14","CAMBR97"
"15","CAMBR55"
"16","CAMBR118"
"17","CAMBR1343"
"18","FRFT107"
"19","CAMBR105"
"20","CAMBR203"
"21","BRU2348"
"22","BN27727"
"23","GEN361"
"24","CAMBR6"
"25","CAMBR1014"
"26","LYO70"
"27","LYO1410"
"28","MAZ817"
"29","EBAI772"
"30","ARS2964"
"31","S.1937-1"
"32","CHARL182"
"33","TREV434"
"34","DIJON617"
"35","MARS119"
"36","METZ474"
"37","METZ589"
"38","ST.OM427"
"39","VAT10296"
"40","CPHC768"
"41","BERL74"
"42","S.LON(12)"
"43","METZ466"
"44","WAG286"
"45","BN6250"
"46","AVIGN110"
"47","MCR414"
"48","BN1696"
"49","BN27975"
"50","BN16306"
"51","GEN2629"
"52","LIMO69"
"53","LIMO78"
"54","PORT843"
"55","PORT1159"
"56","MADR382"
"57","ESC10"
"58","LYO44"
"59","VALCE43"
"60","MIL73"
"61","VALCE1500"
"62","LISB253"
"63","OSA1531"
"64","MADR14604"
"65","MADR3827"
"66","CARP42"
"67","VES14"
"68","CL-FD5009"
"69","BN1091"
"70","BN1037"
"71","BN4537"
"72","CAM27"
"73","BN763"
"74","BN1309(A)"
"75","GEN2679"
"76","MCR484"
"77","CPHT549D"
"78","MAZ4519"
"79","VIE2706"
"80","EBAISN"
"81","HORT1521"
"82","SUB160"
"83","STUTT105"
"84","EVREUX121"
"85","BAYEUX74D"
"86","BAYEUX59"
"87","BN1426"
"88","BAYEUX72"
"89","CAEN18"
"90","BAYEUX76"
"91","BN1597"
"92","ARS279"
"93","BAYEUX119"
"94","BAYEUX121"
"95","S.1953-1"
"96","BN13285"
"97","BL1139"
"98","MAZ355"
"99","MARS111"
"100","WANDD"
"101","BL36684"
"102","UPS489"
"103","STUTT118"
"104","GEN2712"
"105","MAZ486"
"106","MARS109"
"107","UTR52"
"108","OXF2"
"109","ARS424"
"110","STUTT117"
"111","BN1508"
"112","MAZ23854"
"113","BN1875"
"114","STRASN1"
"115","STUTT116"
"116","STUTT222"
"117","VAT7599"
"118","VAT7722"
"119","BL27171"
"120","MIL1048"
"121","VALL8"
"122","TOL14"
"123","VALL5"
"124","KRL60B"
"125","CLG20"
"126","BL23935"
"127","OXF393"
"128","SABINA2"
"129","FULD121"
"130","TREV403"
"131","SABINA1"
"132","BRU9391"
"133","STUTT152"
"134","BRU3585"
"135","BRU6429"
"136","MAZ372"
"137","BAMB92"
"138","CPHG3450"
"139","CPHN30"
"140","ESC15"
"141","GEN2693"
"142","MAZ381"
"143","MONTS759"
"144","MONTS763"
"145","FULD122B"
"146","FREIB283"
"147","FREIB287"
"148","HAAG60"
"149","STKH102"
"150","VAT30"
"151","FREIB136"
"152","STKHTL"
"153","CAM1"
"154","UPS97"
"155","BL1734B"
"156","BN10532"
"157","BRU19004B"
"158","GEN1292"
"159","STKHSN1"
"160","BN27"
"161","MADR14265"
"162","STRA2"
"163","CPHN632"
"164","LUCCA601"
"165","LUCCA606"
"166","BL155"
"167","BN770"
"168","CPHN133"
"169","BLU-C"
"170","HEREFDSN"
"171","BL38116"
"172","ARS570"
"173","BL305"
"174","BN10478D"
"175","S.1893"
"176","ARS196"
"177","LAMB193"
"178","BN1361"
"179","VAT4757"
"180","ARS616"
"181","BN4600"
"182","BN765"
"183","BL33385"
"184","BRU6291"
"185","S.LON(1)"
"186","HAAG68"
"187","MUN23035"
"188","METZ333"
"189","VAT514"
"190","S.LON(3)"
"191","CAEN17"
"192","S.1953-2"
"193","M.C.1800"
"194","MACONSN"
"195","REN15939"
"196","BN1403"
"197","BN844"
"198","DUN(1)"
"199","BN10533"
"200","BAMB80"
"201","BN1275"
"202","CPHT545"
"203","ARS560"
"204","ARS643"
"205","HAAG73B"
"206","BN1400"
"207","CPHT547"
"208","BN1323"
"209","S.1937-5"
"210","BRU2890"
"211","METZ462"
"212","BN1063"
"213","S.LYO(1)"
"214","S.1935-4"
"215","TOUL131"
"216","CPHT537"
"217","MTP166"
"218","DUN(4)"
"219","BN1272"
"220","BN13243D"
"221","ROUEN217"
"222","GEN1265"
"223","BN3081"
"224","BN17998"
"225","MEN(1)"
"226","CPHA65"
"227","MAZ506"
"228","GEN2722"
"229","LISB18"
"230","OXF26"
"231","CLAIRV196"
"232","BAMB78"
"233","BN2439"
"234","VAT118"
"235","VAT3767"
"236","CPHT548"
"237","BN1791"
"238","MAZ800"
"239","VAT12"
"240","BN10551"
"241","M.C.10955"
"242","BAMB75"
"243","S.1938-8"
"244","ARS918"
"245","BLSN(2)"
"246","CAEN1743"
"247","BN1610"
"248","BN2937"
"249","BN1790"
"250","GEN187"
"251","METZ1546"
"252","METZ104"
"253","LYO23"
"254","BL1611"
"255","S.LON(4)"
"256","GEN225"
"257","BL230"
"258","EDINB13"
"259","OXFL17"
"260","DARM858"
"261","CAM119D"
"262","CAM2"
"263","CAM2602"
"264","BN786D"
"265","GEN113"
"266","ROUEN326"
"267","S.1938-11"
"268","S.1935-5"
"269","BL2849"
"270","DOUAI167"
"271","FALKNER2"
"272","LAMB560D"
"273","LAMB561D"
"274","BN17294D"
"275","OXF4"
"276","BN24925"
"277","ABERDSN"
"278","ABERDSND"
"279","BN27770"
"280","BN1835"
"281","BN10549"
"282","ROUEN380"
"283","BN1656"
"284","EPIN235"
"285","VAT4772"
"286","MUN13067B"
"287","TROY721B"
"288","VERD129B"
"289","VERDSN"
"290","VERD128B"
"291","BRU6386"
"292","METZ573"
"293","METZ45B"
"294","BL804S"
"295","OXFG1"
"296","MADR20"
"297","ROUEN203"
"298","NOGSN"
"299","COLM229B"
"300","COLM430"
"301","COLM432"
"302","VAT176S"
"303","BENEV21"
"304","S.1952"
"305","BL431"
"306","OXF22"
"307","BL7"
"308","BN1307"
"309","S.1936-3"
"310","S.1955"
"311","S.1956"
"312","BN1661"
"313","BORD3862"
"314","MAZ11872"
"315","GEN1214"
"316","GEN1251"
"317","M.C.1794"
"318","NANT2376"
"319","DUN(2)"
"320","BN10534"
"321","BN1159"
"322","CPHT114"
"323","GEN1277"
"324","NANT25"
"325","S.1937-3"
"326","BN1815"
"327","MISERSN"
"328","BAYEUX58"
"329","BN18001"
"330","BN615"
"331","BRU4996"
"332","CARP69"
"333","BN1593"
"334","BN1730"
"335","CHARTR565"
"336","CHARTR554"
"337","S.1954-1"
"338","ORLE776"
"339","BN13273"
"340","SERCYSN1"
"341","BN9732"
"342","BN9738"
"343","MTP3"
"344","BL1663"
"345","OXF84"
"346","LONS40"
"347","YORK1493"
"348","SANTSN"
"349","ARS102"
"350","ORENSE9"
"351","MADR874"
"352","ROUEN207"
"353","ROUEN225B"
"354","OXF71B"
"355","EBAI297"
"356","ARRAS248"
"357","BL8"
"358","MANS1837"
"359","PORT51"
"360","BN241"
"361","BN1163"
"362","CPHG1609"
"363","CPHT543"
"364","GEN2715"
"365","ROUEN333"
"366","S.1938-7"
"367","S.1948"
"368","FRFT130"
"369","MONTS851"
"370","LYO5149"
"371","CPHT544"
"372","MCR52"
"373","SOLE-2-1"
"374","BN2971"
"375","ROUEN-12"
"376","BN24022"
"377","ROUEN-30"
"378","PARS(2)"
"379","ROUEN-59"
"380","ROUEN-73"
"381","BN4855"
"382","GEN2634D"
"383","ROUEN195"
"384","GEN2732D"
"385","GEN629D"
"386","MALO1600"
"387","BN4925"
"388","RIOM22"
"389","VES13"
"390","ROUEN335"
"391","STRA12"
"392","S.1935-6"
"393","S.1939"
"394","BN13280"
"395","BN1664"
"396","BN1665"
"397","ARS617"
"398","LILLE49"
"399","CAMBR104"
"400","HAAG66"
"401","B1223"
"402","B1224"
"403","DOUAI163"
"404","BN13169"
"405","GEN828"
"406","MAZ34959"
"407","BN1615"
"408","OXF183"
"409","LYO002"
"410","EBAMS12"
"411","FULD56"
"412","WURZB71B"
"413","WURZB171B"
"414","WURZB172B"
"415","ARS423B"
"416","KLNB1010"
"417","S.LON(10)"
"418","MUN14741B"
"419","KREMS5(2)"
"420","METZ1200B"
"421","PAUL26B"
"422","UPS461"
"423","DEBR603"
"424","CAM30"
"425","UPS475"
"426","UDINE232B"
"427","GUS1-34B"
"428","BAMB94"
"429","UPS450"
"430","BN670B"
"431","S.1932-11"
"432","CAM7"
"433","BAMB27B"
"434","BL16B"
"435","CPHN39B"
"436","VAT7227B"
"437","BL35285"
"438","WOLF309B"
"439","UPS500B"
"440","BN10526"
"441","S.1932-12"
"442","PAS1496B"
"443","GEN828B"
"444","VIE1826B"
"445","VAT523B"
"446","MUN23288B"
"447","MUN12201B"
"448","AVIGN129"
"449","ARS286"
"450","NIMES5"
"451","BN1277"
"452","MAZ360"
"453","AVIGN13"
"454","PROV74"
"455","M.C.14268"
"456","OXF297B"
"457","CHARTR551"
"458","BERL380B"
"459","CPHT119"
"460","S.1932-13"
"461","VAT13B"
"462","BN4951"
"463","CARP51"
"464","BN1304"
"465","CPHV892A"
"466","CPHV893"
"467","BASLE22"
"468","BASLE39"
"469","CPHV892B"
"470","ROME440"
"471","SOLT251"
"472","MELUN12"
"473","STUTT24"
"474","S.1932-B"
"475","VAT4751"
"476","BN8879B"
"477","VAT16B"
"478","S.1932-4"
"479","BL1487B"
"480","BLSN(4)"
"481","MIL1633B"
"482","VAT472"
"483","MIL1856B"
"484","BESAN64"
"485","BESAN68"
"486","ARS223"
"487","BN10487"
"488","BN1169"
"489","LYO5148"
"490","TOR558"
"491","BESAN70"
"492","BESAN69"
"493","BN27829"
"494","BN8692"
"495","GEN863"
"496","STUTT13B"
"497","VIE1888"
"498","VAT539"
"499","UTR425B"
"500","UPS515"
"501","LUND34"
"502","GEN1293"
"503","VEND14"
"504","BN820"
"505","VIT36"
"506","GAPS(1)"
"507","FULD116B"
"508","STUTT89B"
"509","BL18301"
"510","STUTTCB98"
"511","STUTT98"
"512","VIE1936B"
"513","BERL722"
"514","UDINE72B"
"515","UDINE73B"
"516","STUTT120"
"517","BL10B"
"518","SION47"
"519","RTOY1905"
"520","SIONSN"
"521","BASLE20"
"522","CPHV900B"
"523","BN24133B"
"524","ANGERS130"
"525","CHANT52"
"526","STRASN2"
"527","NUE28603"
"528","CPHN33D"
"529","STUTT68"
"530","COLM27B"
"531","KLNB1011B"
"532","BN1310B"
"533","SELS127"
"534","MAZ1231B"
"535","BL1146B"
"536","BL19415B"
"537","B1271B"
"538","BN1070"
"539","MAZ23823"
"540","ZUR65"
"541","SGAL389"
"542","FREIB1146"
"543","VAT4749"
"544","VAT525"
"545","ROMONTSN"
"546","VAT538"
"547","OXF5"
"548","LYO567"
"549","BN41336"
"550","GEN927"
"551","BAMB53"
"552","CASS451"
"553","ERLANG149"
"554","EICHSTSN"
"555","BN1231B"
"556","VIE701"
"557","STUTT104"
"558","BL37870"
"559","PRAG9B"
"560","BL18308B"
"561","PRAG10B"
"562","BLH3B"
"563","S.1930"
"564","BN18000"
"565","LYO560"
"566","EMBRUN-89"
"567","GREN880"
"568","GEN918"
"569","EBAI684"
"570","S.1934-1"
"571","BN10539"
"572","PARS(1)"
"573","BL8075B"
"574","CPHV903B"
"575","S.1932-7"
"576","B1199"
"577","SIENA7"
"578","MONZAB15"
"579","DUN(3)"
"580","VAT4928"
"581","VAT176"
"582","S.1938-10"
"583","HAAG76"
"584","LYO5142"
"585","BN1396"
"586","LYO5145"
"587","LYO5147"
"588","OSLO1693"
"589","SOL31"
"590","S.LON(2)"
"591","UPS517(2)"
"592","GREN1011"
"593","LAON243"
"594","FULD65"
"595","VAT517"
"596","CPHG3447"
"597","FULD86"
"598","HAAG80"
"599","LISB16"
"600","LISB166"
"601","HAAG74"
"602","PER28"
"603","CLG107"
"604","UPS517(1)"
"605","METZ584"
"606","OXF216"
"607","FLO116"
"608","MIL39"
"609","VAT546"
"610","S.LON(13)"
"611","LYO5154"
"612","BL3166"
"613","GEN202"
"614","CPHG1605"
"615","LUCCA609"
"616","LUCCA602"
"617","ASS694"
"618","MUNSN"
"619","ASS261"
"620","SIENA2"
"621","LYO551"
"622","CL-FD90"
"623","CL-FD85"
"624","CL-FD76"
"625","CL-FD83"
"626","CL-FD84"
"627","ASS697"
"628","ASS702"
"629","CORT20"
"630","BN1306"
"631","FERMO112"
"632","VCE145"
"633","UDINE5"
"634","CPHN34"
"635","OXF221"
"636","CPHN38"
"637","EBAMS17"
"638","MUN26227"
"639","LUCCA603"
"640","ASSDSN"
"641","UDINE9"
"642","MIL18"
"643","BN4162"
"644","ESC20"
"645","FLO117"
"646","MADR113"
"647","ESC29"
"648","VAT698"
"649","BN751"
"650","OXF392"
"651","VAT6255"
"652","CL-FD87"
"653","CORT6"
"654","CORT19"
"655","SIENA1"
"656","UPS511"
"657","VAT7235"
"658","STUTT119"
"659","AMPLF192"
"660","CPHG1607"
"661","ESC40"
"662","FLO118"
"663","MONTS852"
"664","TOUL132"
"665","FLO461"
"666","VAT107"
"667","CPHN27"
"668","VAT255"
"669","VAT3514"
"670","OXF165"
"671","MONTS66"
"672","HAAG25"
"673","UPS493"
"674","STUTT94"
"675","GEN356"
"676","VAT7724"
"677","BN1687"
"678","LISB19"
"679","NYPML7"
"680","VAT112"
"681","VAT1009"
"682","CPHT541"
"683","BL18307"
"684","BN27954"
"685","CPHV896"
"686","HAAG81"
"687","VCEGRI"
"688","FRFT118"
"689","BN11587"
"690","LISB1"
"691","CPHCJ46"
"692","S.1938-6"
"693","BL3595"
"694","FLO1075"
"695","MONTS53"
"696","OSB1525"
"697","UTR11"
"698","B1242"
"699","ARS2856"
"700","OXF304"
"701","CPHC799"
"702","MAZ11890"
"703","AMIENS-49"
"704","GEN237"
"705","ARS2780"
"706","TORT10"
"707","VAT184"
"708","BN1425"
"709","BN2854"
"710","GEN2702"
"711","BORD920"
"712","BORD86"
"713","S.1939-1"
"714","METZ464D"
"715","BN14827"
"716","MAZ499"
"717","ORLE132"
"718","MAZ34968"
"719","GEN827D"
"720","CPHN28"
"721","MUN17010"
"722","VERD125"
"723","BERL319B"
"724","ASS599"
"725","BL27407"
"726","OXF402"
"727","CHARL42"
"728","ROME462"
"729","MUN17004"
"730","NUE4984"
"731","SCHL258"
"732","BN10496"
"733","EDINB48S"
"734","BN27979"
"735","B1155"
"736","COLM434"
"737","VAT33B"
"738","WASH134"
"739","BOLGSN"
"740","ARS280"
"741","CON1B"
"742","VAT61"
"743","S.1932-1"
"744","MANS1779"
"745","GRGT(2)B"
"746","MAZ375B"
"747","MAZ385B"
"748","HAARL28B"
"749","HAAG65B"
"750","MIL60B"
"751","UTRKM3B"
"752","CPHV913B"
"753","DARM848B"
"754","CPHV3508B"
"755","MAZ991B"
"756","CPHT123B"
"757","TOULSN1"
"758","HAAG47B"
"759","BN6343B"
"760","BN545B"
"761","HAAG35B"
"762","UTR12"
"763","BRU33208"
"764","TREV427B"
"765","BN915"
"766","BN18021"
"767","HAAG75"
"768","REIMS308"
"769","HAAG4"
"770","GEN190"
"771","BN2904"
"772","REIMS1515"
"773","GEN1372"
"774","B1234"
"775","BRAGASEM"
"776","TROY1951"
"777","CAMBR87"
"778","BRAGA1933"
"779","BOUV(2)"
"780","BN27783"
"781","BRAGAMUS"
"782","BLA2"
"783","BN4509"
"784","LAON263"
"785","LAON12"
"786","ARS563"
"787","S.1932-16"
"788","BN2624"
"789","DIJON1665"
"790","CPHT540"
"791","MAZ515"
"792","BN27902"
"793","BN2849"
"794","OXF10"
"795","MONTS36"
"796","VAL116"
"797","ARRAS465"
"798","BN1257"
"799","BL157"
"800","BN12037"
"801","DOUAI138"
"802","MAZ349"
"803","CAMBR102"
"804","CPHN29"
"805","LOCH7"
"806","S.1938-2"
"807","VAT60"
"808","BN27701"
"809","ROUEN253"
"810","GEN1370"
"811","TROY1752"
"812","BN783"
"813","BN774"
"814","LIMO4"
"815","LYO555"
"816","OXF169"
"817","LAON255"
"818","BL960"
"819","EVREUX116"
"820","BN27996"
"821","OXF8"
"822","BL6"
"823","BL16975"
"824","BN1088"
"825","OXF18"
"826","BRU3827"
"827","ROUEN254"
"828","OXF45"
"829","VAL196"
"830","ROUEN211"
"831","AVRAN39"
"832","ROUEN212"
"833","DIJON113"
"834","REIMS314"
"835","BN13260"
"836","ARRAS729"
"837","BN1043"
"838","ROUEN228"
"839","ARS274"
"840","ARRAS725"
"841","BN13242B"
"842","ESC36"
"843","CAMBR111"
"844","ST.OM422"
"845","BRU4956"
"846","ST.OM383"
"847","AIX14"
"848","AIX101D"
"849","MIL882"
"850","BN11949"
"851","COLLJ-B1"
"852","BL44874"
"853","OXF1523"
"854","DOUAI68"
"855","BL22"
"856","FEC186"
"857","ROUEN244"
"858","AVRAN168"
"859","BN1041"
"860","BL3950"
"861","OXF41"
"862","MAREDSOUS"
"863","MEAUX4"
"864","BN13239"
"865","LAON214"
"866","BN424"
"867","BRAGA657"
"868","BERNE768"
"869","EBAMS10"
"870","BRU5155"
"871","BN13311"
"872","S.1954-5"
"873","TOURS230"
"874","BN19214"
"875","BLSN(3)"
"876","GEN1376"
"877","VEND17"
"878","TROY109"
"879","ROUEN192"
"880","BN12043"
"881","BN12042"
"882","BN18034"
"883","BN27827"
"884","NARB166"
"885","OXF12"
"886","DOUAI159"
"887","GEN2613"
"888","SOL334"
"889","PARIC1"
"890","BN1071"
"891","AIX159"
"892","VAT173"
"893","BL30850"
"894","BESAN137"
"895","VAT530"
"896","MAZ11873"
"897","ARS2996"
"898","PIAC54B"
"899","OXF321"
"900","BNSN(1)"
"901","BN5208"
"902","BN27910"
"903","TREV404"
"904","BN1030"
"905","MAZ525"
"906","MTP118"
"907","VAT5768"
"908","BASLE43"
"909","LYO573"
"910","LYO580"
"911","BN1608"
"912","BN1752"
"913","BN1756"
"914","VAT4756"
"915","BN17300"
"916","BN1794"
"917","ARS649"
"918","ARS1406"
"919","BN1420"
"920","ARS1421"
"921","BN27931"
"922","BN2954"
"923","BN39"
"924","BN1604"
"925","M.C.21532"
"926","BN3835"
"927","LAON226"
"928","S.1933-3"
"929","CHALD5D"
"930","MIL1869B"
"931","TRV597"
"932","MAZ346"
"933","WAG38"
"934","ARS102D"
"935","BN9163"
"936","BN1031"
"937","BN1031D"
"938","BN1772"
"939","S.1932-2"
"940","GEN124"
"941","VAT4763"
"942","BN223B"
"943","MAINZ950B"
"944","BN1678B"
"945","CPHV904B"
"946","AUX60(1)"
"947","SENS6"
"948","AUX60(2)"
"949","BN1028"
"950","AUT1605"
"951","BN13261"
"952","BN1195"
"953","GEN207"
"954","BN1206"
"955","BN27754"
"956","BN659"
"957","AVIGN128"
"958","MADR6086"
"959","MARS113"
"960","MIL46"
"961","S.LON(6)"
"962","ANGERS83"
"963","ARS577"
"964","BAUGY3"
"965","BN10543"
"966","CARP77"
"967","BN25"
"968","BN1813"
"969","BN1261"
"970","MAZ814"
"971","VERD113"
"972","CHAL16"
"973","DARM938"
"974","ROME1720"
"975","BN1410"
"976","EBAMS66"
"977","TROY574"
"978","DIJON114"
"979","MUN7907"
"980","TREV411"
"981","CAMBR123"
"982","KREMS5(1)"
"983","BOLG346"
"984","GEN1273"
"985","UDINE6"
"986","VAT37"
"987","MUN23083"
"988","FREIB301"
"989","COLM436"
"990","FREIB43"
"991","COLM300"
"992","MAZ472"
"993","STUTT92"
"994","CAMBR1284"
"995","MIL365"
"996","FREIB406"
"997","BN2852"
"998","CPHCJ72"
"999","COLM384"
"1000","BN27998"
"1001","EBAMS8"
"1002","BN3042"
"1003","S.1937-4"
"1004","MAZ23834"
"1005","BL40150"
"1006","MCR74"
"1007","MIL267"
"1008","BL2883"
"1009","BN5338"
"1010","S.1932-19"
"1011","CHARTR240"
"1012","VAT206"
"1013","BERKL28"
"1014","GREN8790"
"1015","FRFT119"
"1016","EVREUX95D"
"1017","ROUEN381"
"1018","BN388"
"1019","BN1349"
"1020","BORD1780"
"1021","ROUEN400"
"1022","S.1976"
"1023","OXF7"
"1024","CARP2675"
"1025","BN1061"
"1026","BORD96"
"1027","INN281"
"1028","S.1954-2"
"1029","BN922"
"1030","BN1057"
"1031","MELUN5"
"1032","VATT119"
"1033","EBAI536"
"1034","GEN2705"
"1035","BN1655"
"1036","BN4568"
"1037","POIT25"
"1038","DARM3714"
"1039","CLG244"
"1040","DARM855"
"1041","DARM352"
"1042","BL27913"
"1043","BL1244"
"1044","BN27807"
"1045","BL31913"
"1046","S.1915"
"1047","TROY1188"
"1048","TROY838"
"1049","S.1938-12"
"1050","BESAN140"
"1051","BN13271"
"1052","BN924"
"1053","CPHG1608"
"1054","LYO5143"
"1055","S.SD-2"
"1056","S.1954-4"
"1057","GEN1280"
"1058","B1231"
"1059","TREV491"
"1060","BN1671"
"1061","BN4881"
"1062","GEN2637"
"1063","BN1202"
"1064","TOURS145"
"1065","ARS561"
"1066","BN1237"
"1067","GEN2688"
"1068","GEN2694"
"1069","LYO5153"
"1070","SOL25"
"1071","BN2850"
"1072","TOURS2850"
"1073","BN17965"
"1074","GEN2709"
"1075","BN1666"
"1076","TOURS1668"
"1077","BN903"
"1078","BN9475"
"1079","NIMES8"
"1080","GEN842"
"1081","MADR1425"
"1082","NYPML17"
"1083","LUCCA611"
"1084","TOUL76"
"1085","BORD3861"
"1086","POIT53"
"1087","CLG6"
"1088","GEN1252"
"1089","BN1180"
"1090","BN1302"
"1091","MANS136"
"1092","MANS190"
"1093","S.1943"
"1094","BN1607"
"1095","GEN2639"
"1096","BN1609"
"1097","BN1810"
"1098","MANS1529"
"1099","MADR6491"
"1100","AGENSN"
"1101","AGEN10705"
"1102","ALBI15"
"1103","STUTT144"
"1104","TREV387"
"1105","METZ527"
"1106","CPHN45B"
"1107","GEN2627D"
"1108","S.1950-1"
"1109","TOUL74"
"1110","TOUL72"
"1111","BN1279"
"1112","ARS105"
"1113","MADRSN"
"1114","MADR371"
"1115","MADR3754"
"1116","MADR5097"
"1117","CPH29B"
"1118","VATPROP"
"1119","CPH30B"
"1120","CPH31B"
"1121","CPH33"
"1122","TOL7"
"1123","MADR8694"
"1124","BN261"
"1125","BN13234"
"1126","BN982"
"1127","MADR372"
"1128","MADR415"
"1129","MADR25990"
"1130","BN1589"
"1131","GEN84"
"1132","MADR2658"
"1133","MADRBAH2"
"1134","AOSTA44"
"1135","AOSTA45"
"1136","AOSTA8"
"1137","BURG37"
"1138","MADR3474"
"1139","BURG274"
"1140","LISB11"
"1141","MADRBAH1"
"1142","BN838"
"1143","CPHG1610"
"1144","FALKNER1"
"1145","S.1927"
"1146","S.1938-3"
"1147","LYO5141"
"1148","GEN753"
"1149","BN2488"
"1150","S.1946-2"
"1151","GRGT(1)B"
"1152","VAT93"
"1153","DORTMSNB"
"1154","CPHV906B"
"1155","BN6289B"
"1156","FLO122"
"1157","MIL512"
"1158","VAT550"
"1159","PIAC65"
"1160","BN1018"
"1161","AIX416"
"1162","BN1011"
"1163","VAT10288"
"1164","BL16(1)"
"1165","CAMBR133"
"1166","BN1073"
"1167","BRU6630"
"1168","AMIENS206"
"1169","GREN784"
"1170","GREN136"
"1171","GREN1513"
"1172","GRGT(2)A"
"1173","CPHC761"
"1174","MAZ375A"
"1175","MAZ385A"
"1176","HAARL28A"
"1177","MAZ370"
"1178","CPHG3445A"
"1179","FULD132"
"1180","UTR431"
"1181","S.1954-3"
"1182","HAAG77"
"1183","HAAG65A"
"1184","HAAG47A"
"1185","FULD124"
"1186","BN6343A"
"1187","HAARL49"
"1188","HAARL50"
"1189","MIL60A"
"1190","UTR18"
"1191","HAAG19"
"1192","ARS283"
"1193","DARM848A"
"1194","UTRKM3A"
"1195","CPHV913A"
"1196","MCR39"
"1197","BN545A"
"1198","CPHV3508A"
"1199","MAZ991A"
"1200","HAAG35A"
"1201","CPHT123A"
"1202","BRU33208A"
"1203","HAARL24"
"1204","UTR418"
"1205","HAAG73A"
"1206","BL2871"
"1207","BN13291"
"1208","BN17999"
"1209","BN1672"
"1210","BN27778"
"1211","BRU647"
"1212","BL16"
"1213","BRU10528"
"1214","BL19"
"1215","S.1925"
"1216","BL28729"
"1217","BL2930"
"1218","BN1077"
"1219","LIEGE431"
"1220","BRU11791"
"1221","BRU19095"
"1222","BN10525"
"1223","DARM999"
"1224","S.1973"
"1225","BN6272"
"1226","ARRAS417"
"1227","VAL97"
"1228","METZ468A"
"1229","BN802D"
"1230","ARS595A"
"1231","BN1269A"
"1232","CHAL36"
"1233","CLG2"
"1234","BN1069A"
"1235","S.1949"
"1236","CHIC26"
"1237","MEAUX134"
"1238","M.C.13966"
"1239","S.1939-2"
"1240","ARS2978"
"1241","LISB48"
"1242","BN1168"
"1243","CHAL1539"
"1244","VERD129A"
"1245","PRAG9E"
"1246","BERL218"
"1247","BERL319A"
"1248","METZ1200A"
"1249","BERL303D"
"1250","BERL380A"
"1251","UPS447"
"1252","CPH29A"
"1253","BL8075A"
"1254","CPHV903A"
"1255","S.1932-5"
"1256","CPH30A"
"1257","BL1420"
"1258","CPH31A"
"1259","MIL1869A"
"1260","MIL1335A"
"1261","BN8879A"
"1262","MIL1633A"
"1263","ZUR8"
"1264","STUTT89A"
"1265","FULD116A"
"1266","STUTT106"
"1267","MUN23288"
"1268","MUN16526"
"1269","MUN26208"
"1270","MUN26209"
"1271","CLG14"
"1272","VIE43A"
"1273","S.1932-17"
"1274","UPS500A"
"1275","VAT102"
"1276","S.1932-10"
"1277","BN24135"
"1278","BRU3835"
"1279","PRAG9A"
"1280","BL18308A"
"1281","PRAG6"
"1282","PRAG10A"
"1283","VAT523A"
"1284","CPHV891"
"1285","CPHV900A"
"1286","VAT13A"
"1287","WORC160"
"1288","GEN93"
"1289","BN14403"
"1290","GEN2619"
"1291","BN13225"
"1292","GEN2641D"
"1293","GEN2689"
"1294","MAZ347"
"1295","GEN1263"
"1296","AMIENS178"
"1297","BN10528"
"1298","BN1266"
"1299","S.1977"
"1300","BN14279"
"1301","BN1358"
"1302","BN1209"
"1303","BN1295"
"1304","BN17996"
"1305","BN10545"
"1306","BN1401"
"1307","BN761"
"1308","BN921"
"1309","CPHN131"
"1310","CPHT355"
"1311","CPHT534"
"1312","MAZ495"
"1313","S.LON(11)"
"1314","S.1938-4"
"1315","ARS636"
"1316","LYO5140"
"1317","BN18030"
"1318","BN4393"
"1319","FRFT229"
"1320","ORLE124"
"1321","BN1385"
"1322","BN14817"
"1323","VAT198"
"1324","SOL24"
"1325","BN1347"
"1326","BN10540"
"1327","ARS168"
"1328","BN13167"
"1329","FRFT129"
"1330","BN2569"
"1331","GEN162"
"1332","ARS2900"
"1333","GEN1312"
"1334","BN4920"
"1335","BN6337"
"1336","ARS950"
"1337","GEN1008"
"1338","GEN166"
"1339","BN42304"
"1340","BN1054"
"1341","GEN2618D"
"1342","B1139"
"1343","BN748D"
"1344","BN5658"
"1345","PAR178"
"1346","PAR1220D"
"1347","BN15182D"
"1348","BN10482D"
"1349","BN749D"
"1350","GEN150"
"1351","MAZ533"
"1352","BN27815"
"1353","GEN2680"
"1354","MEAUX1077"
"1355","BEAUVSN"
"1356","ARS832"
"1357","GEN2640"
"1358","BN27735"
"1359","ARS2504"
"1360","GEN117"
"1361","CPHV1427B"
"1362","CAM391"
"1363","BN17994"
"1364","BL804"
"1365","BN1072"
"1366","CAM10"
"1367","BL36672"
"1368","BN17997"
"1369","S.1953-3"
"1370","BN10547"
"1371","BN622"
"1372","ARRAS779"
"1373","MAZ23296"
"1374","MAZ23797"
"1375","EBAMS83"
"1376","ARRAS365"
"1377","ARRAS412"
"1378","BN1029"
"1379","BN1595"
"1380","S.1934-2"
"1381","ARS831"
"1382","BN9432"
"1383","AMIENS137"
"1384","BN1416"
"1385","AMIENS148"
"1386","ABBV9"
"1387","AMIENS111"
"1388","AMIENS179"
"1389","DUP(1)"
"1390","S.LON(5)"
"1391","AMIENS442"
"1392","CHEV1541"
"1393","AMIENS925"
"1394","BN27949"
"1395","AMIENSSN"
"1396","AMIENS19"
"1397","BN13221"
"1398","S.LON(8)"
"1399","BN13263"
"1400","OXF23"
"1401","BN10536"
"1402","S.1933-2"
"1403","BN27749"
"1404","METZ468B"
"1405","ARS595B"
"1406","BN1287"
"1407","BL2979"
"1408","CL-FD724"
"1409","GEN1262"
"1410","CL-FD86"
"1411","BN116"
"1412","BN1274"
"1413","CL-FD71"
"1414","CL-FD1509"
"1415","BN2894"
"1416","CLERM1502"
"1417","ALBI2"
"1418","TOULSN2"
"1419","BN323"
"1420","COLM229A"
"1421","MCR3"
"1422","VAT81"
"1423","VAL142"
"1424","BERL14"
"1425","CPHN37"
"1426","VAT542"
"1427","CPHG3454"
"1428","CPHG3456"
"1429","BNSN(2)"
"1430","BN1311"
"1431","TREV383"
"1432","TREV466"
"1433","BRU3828"
"1434","VAL134"
"1435","PAR1518"
"1436","VIE1936A"
"1437","UDINE72A"
"1438","BL8192D"
"1439","PAS1496A"
"1440","GEN828A"
"1441","BL15482"
"1442","CPHV906A"
"1443","BN6289A"
"1444","BRU3068"
"1445","UPS438"
"1446","UPS454"
"1447","UPS474"
"1448","UPS491"
"1449","UPS488"
"1450","MAZ23823A"
"1451","PAUL26A"
"1452","BN670A"
"1453","ARS423A"
"1454","VAT13D"
"1455","BAMB27A"
"1456","BN4951A"
"1457","BAMB22"
"1458","WURZB71A"
"1459","WURZB171A"
"1460","WURZB172A"
"1461","MUNST(2)"
"1462","FULD122A"
"1463","VAT114"
"1464","TREV359"
"1465","BL1734A"
"1466","CON1A"
"1467","KREMS239"
"1468","BL36672D"
"1469","MAZ484"
"1470","S.1933-1"
"1471","BN1129"
"1472","VAT59"
"1473","GREN8690"
"1474","BEAUNE39"
"1475","WAG47"
"1476","UTR91"
"1477","CAMBR104D"
"1478","DOUAI163D"
"1479","BRU460"
"1480","ARRAS530"
"1481","DOUAI173"
"1482","BERL78"
"1483","CPHT542"
"1484","BN13312"
"1485","BN24063"
"1486","AM679"
"1487","AM241"
"1488","ST.OM363"
"1489","DARM4161"
"1490","BRU11790"
"1491","CPHN31"
"1492","CPHV3412"
"1493","CPHV902"
"1494","CPHV3413"
"1495","ROUEN225A"
"1496","MTP314A"
"1497","CPHN45A"
"1498","KALMAR"
"1499","BN1310A"
"1500","MAZ1231A"
"1501","BL1146A"
"1502","BL19415A"
"1503","KASS129"
"1504","GORZ(A)D"
"1505","GORZ(B)D"
"1506","UPS461D"
"1507","STKHRA2D"
"1508","UPS435D"
"1509","CAM7D"
"1510","VATPROPD"
"1511","PORRSN"
"1512","TREV439A"
"1513","BN223A"
"1514","MAINZ950A"
"1515","BN2442"
"1516","BN1678A"
"1517","BL37099"
"1518","CPHV904A"
"1519","CPHV893D"
"1520","MAZ801"
"1521","CASS198"
"1522","GEN998"
"1523","DOLE41"
"1524","ORLE125D"
"1525","ORLE129D"
"1526","BN976"
"1527","LAMB103A"
"1528","LAMB103B"
"1529","GRAZ1119"
"1530","NEU654"
"1531","BN1720"
"1532","AVIGN127"
"1533","VIE1309"
"1534","ANGERS131"
"1535","ARLES163"
"1536","CARP333"
"1537","ARLES101"
"1538","BN4608"
"1539","MADR26297"
"1540","S.LYO(2)"
"1541","KLNB987B"
"1542","METZ336"
"1543","COMP1-2"
"1544","VIE1894"
"1545","BL18306B"
"1546","MAZ1156"
"1547","METZSSN"
"1548","OXF339"
"1549","ABBV17"
"1550","BENEV1"
"1551","TOR10"
"1552","EBAI17"
"1553","MTP314B"
"1554","GEN1486"
"1555","CHANT7"
"1556","HEIL65"
"1557","CUENCA60"
"1558","B1086"
"1559","FECSN"
"1560","VAT360"
"1561","MUN23037"
"1562","BL10521B"
"1563","BRIXEN_MIN"
"1564","GERONA45"
"1565","CHANT8"
"1566","BN10488"
"1567","BN2659"
"1568","CPHV893B"
"1569","NANCY12"
"1570","MOOS149A"
"1571","KONS1516"
"1572","SGAL391"
"1573","MIL1335B"
"1574","VAT283"
"1575","TREV521"
"1576","FULD136B"
"1577","MIL16"
"1578","MOUTSN"
"1579","S-CL14"
"1580","CAM422"
"1581","RIOM21"
"1582","BN300"
"1583","VAT65D"
"1584","GEN841"
"1585","BN18026"
"1586","LYO5995"
"1587","WAG215"
"1588","CON1542B"
"1589","CHIC15534"
"1590","BN2769"
"1591","CPHG3445B"
"1592","BN6220"
"1593","ARS2559"
"1594","BN27716"
"1595","BOUV(1)"
"1596","IVREA31"
"1597","CHARTR541"
"1598","GRASS1513"
"1599","TOL20"
"1600","GEN2628"
"1601","BN4758"
"1602","MTP27"
"1603","MONZA12"
"1604","BN487"
"1605","BN1376"
"1606","LEIPZ93"
"1607","BN1259"
"1608","BN2623"
"1609","GEN1261"
"1610","TREV439B"
"1611","BN9158"
"1612","PROV229"
"1613","BN1605"
"1614","BN2884"
"1615","ARLES7"
"1616","CHAL30"
"1617","DARM914"
"1618","BN1056"
"1619","BN24138"
"1620","VAT76"
"1621","MIL27"
"1622","PIAC54A"
"1623","EBAMS16"
"1624","GREN767"
"1625","EBA1622"
"1626","ARLES74"
"1627","ARLES164"
"1628","BN27801"
"1629","AVIGN208B"
"1630","BN2923"
"1631","TOURS2736"
"1632","VICH3880"
"1633","LUCCA4"
"1634","BN27828"
"1635","CPH32B"
"1636","TOULOUSE"
"1637","MADR3833"
"1638","AOSTA46"
"1639","ARS2160"
"1640","ARS2160D"
"1641","GEN364"
"1642","MAZ34974"
"1643","MUNST(1)B"
"1644","MALTA"
"1645","BN1036"
"1646","DOUAI133"
"1647","COL180"
"1648","GREN1132"
"1649","UTR12D"
"1650","BN27787"
"1651","EVREUX118"
"1652","S.LON(7)"
"1653","BLI2"
"1654","CHEV1569"
"1655","VERD128A"
"1656","S.1932-3"
"1657","MIL1856"
"1658","STUTT13A"
"1659","STUTT55"
"1660","MUN12201A"
"1661","MUN26210"
"1662","UPS500S"
"1663","VIE1824"
"1664","BLH3A"
"1665","BN24134"
"1666","BN24133A"
"1667","BN4951E"
"1668","OXF17"
"1669","BN2872"
"1670","GEN235"
"1671","ARS2497"
"1672","BN1592"
"1673","S.1932-14"
"1674","BN908"
"1675","BN1269B"
"1676","CL-FD5372"
"1677","CARP75"
"1678","BN357"
"1679","BURSF1521"
"1680","UDINE73A"
"1681","BN4954A"
"1682","BL3366"
"1683","AQUIC6"
"1684","MUNST(1)A"
"1685","TREV427A"
"1686","CPHV1427A"
"1687","BAMB26"
"1688","BL10521A"
"1689","DORTMSNA"
"1690","BRU19004A"
"1691","CON1542A"
"1692","LAMB164"
"1693","St.OM389D"
"1694","GEN781"
"1695","BL1018A"
"1696","BN1326"
"1697","BRU653"
"1698","CPHN39A"
"1699","OXF71A"
"1700","BN13242A"
"1701","CPH32A"
"1702","B1271A"
"1703","KASS124"
"1704","CIVD57"
"1705","CPH33D"
"1706","BN149"
"1707","VALL32"
"1708","ORLE776D"
"1709","BN976E"
